Record ID, Country, Match
CM033488.1, USA: UTAH, 0
JAHUZN010000005.1, USA: UTAH, 0
CM033494.1, USA: UTAH, 0
JAHUZN010000011.1, USA: UTAH, 0
JAKKQA010000005.1, ?, ?
AM270990.1, ?, ?
QFXU01000014.1, FRANCE: PARIS, 0
NYMT01000013.1, FRANCE: PARIS, 0
NC_000521.4, ?, ?
KI927394.1, UGANDA, 1
KE123474.1, ?, ?
FJ232364.1, THAILAND, 0
FJ232363.1, THAILAND, 0
FJ232362.1, THAILAND, 0
FJ232361.1, THAILAND, 0
FJ232360.1, THAILAND, 0
FJ232359.1, THAILAND, 0
FJ232358.1, THAILAND, 0
FJ232357.1, THAILAND, 0
FJ232356.1, THAILAND, 0
FJ232355.1, THAILAND, 0
FJ232354.1, THAILAND, 0
FJ232353.1, THAILAND, 0
FJ232352.1, THAILAND, 0
FJ232351.1, THAILAND, 0
FJ232350.1, THAILAND, 0
FJ232349.1, THAILAND, 0
FJ232348.1, THAILAND, 0
FJ232347.1, THAILAND, 0
FJ232346.1, THAILAND, 0
FJ232345.1, THAILAND, 0
FJ232344.1, THAILAND, 0
FJ232343.1, THAILAND, 0
FJ232342.1, THAILAND, 0
FJ232341.1, THAILAND, 0
FJ232340.1, THAILAND, 0
FJ232339.1, THAILAND, 0
FJ232338.1, THAILAND, 0
FJ232337.1, THAILAND, 0
FJ232336.1, THAILAND, 0
FJ232335.1, THAILAND, 0
FJ232334.1, THAILAND, 0
FJ232333.1, THAILAND, 0
FJ232332.1, THAILAND, 0
FJ232331.1, THAILAND, 0
FJ232330.1, THAILAND, 0
FJ232329.1, THAILAND, 0
FJ232328.1, THAILAND, 0
FJ232327.1, THAILAND, 0
FJ232326.1, THAILAND, 0
FJ232325.1, THAILAND, 0
FJ232324.1, THAILAND, 0
FJ232323.1, THAILAND, 0
FJ232322.1, THAILAND, 0
FJ232321.1, THAILAND, 0
FJ232320.1, THAILAND, 0
FJ232319.1, THAILAND, 0
FJ232318.1, THAILAND, 0
FJ232317.1, THAILAND, 0
FJ232316.1, THAILAND, 0
FJ232315.1, THAILAND, 0
FJ232314.1, THAILAND, 0
FJ232313.1, THAILAND, 0
FJ232312.1, THAILAND, 0
FJ232311.1, THAILAND, 0
FJ232310.1, THAILAND, 0
FJ232309.1, THAILAND, 0
FJ232308.1, THAILAND, 0
FJ232307.1, THAILAND, 0
FJ232306.1, THAILAND, 0
FJ232305.1, THAILAND, 0
FJ232304.1, THAILAND, 0
FJ232303.1, THAILAND, 0
FJ232302.1, THAILAND, 0
FJ232301.1, THAILAND, 0
FJ232300.1, THAILAND, 0
FJ232299.1, THAILAND, 0
FJ232298.1, THAILAND, 0
FJ232297.1, THAILAND, 0
FJ232296.1, THAILAND, 0
FJ232295.1, THAILAND, 0
FJ232294.1, THAILAND, 0
FJ232293.1, THAILAND, 0
FJ232292.1, THAILAND, 0
FJ232291.1, THAILAND, 0
FJ232290.1, THAILAND, 0
FJ232289.1, THAILAND, 0
FJ232288.1, THAILAND, 0
FJ232287.1, THAILAND, 0
FJ232286.1, THAILAND, 0
FJ232285.1, THAILAND, 0
FJ232284.1, THAILAND, 0
FJ232283.1, THAILAND, 0
FJ232282.1, THAILAND, 0
FJ232281.1, THAILAND, 0
FJ232280.1, THAILAND, 0
FJ232279.1, THAILAND, 0
FJ232278.1, THAILAND, 0
FJ232277.1, THAILAND, 0
FJ232276.1, THAILAND, 0
FJ232275.1, THAILAND, 0
FJ232274.1, THAILAND, 0
FJ232273.1, THAILAND, 0
FJ232272.1, THAILAND, 0
FJ232271.1, THAILAND, 0
FJ232270.1, THAILAND, 0
FJ232269.1, THAILAND, 0
FJ232268.1, THAILAND, 0
FJ232267.1, THAILAND, 0
FJ232266.1, THAILAND, 0
FJ232265.1, THAILAND, 0
FJ232264.1, THAILAND, 0
FJ232263.1, THAILAND, 0
FJ232262.1, THAILAND, 0
FJ232261.1, THAILAND, 0
FJ232260.1, THAILAND, 0
FJ232259.1, THAILAND, 0
FJ232258.1, THAILAND, 0
FJ232257.1, THAILAND, 0
FJ232256.1, THAILAND, 0
FJ232255.1, THAILAND, 0
FJ232254.1, THAILAND, 0
FJ232253.1, THAILAND, 0
FJ232252.1, THAILAND, 0
FJ232251.1, THAILAND, 0
FJ232250.1, THAILAND, 0
FJ232249.1, THAILAND, 0
FJ232248.1, THAILAND, 0
FJ232247.1, THAILAND, 0
FJ232246.1, THAILAND, 0
FJ232245.1, THAILAND, 0
FJ232244.1, THAILAND, 0
FJ232243.1, THAILAND, 0
FJ232242.1, THAILAND, 0
FJ232241.1, THAILAND, 0
FJ232240.1, THAILAND, 0
FJ232239.1, THAILAND, 0
FJ232238.1, THAILAND, 0
FJ232237.1, THAILAND, 0
FJ232236.1, THAILAND, 0
FJ232235.1, THAILAND, 0
FJ232234.1, THAILAND, 0
FJ232233.1, THAILAND, 0
FJ232232.1, THAILAND, 0
FJ232231.1, THAILAND, 0
FJ232230.1, THAILAND, 0
FJ232229.1, THAILAND, 0
FJ232228.1, THAILAND, 0
FJ232227.1, THAILAND, 0
FJ232226.1, THAILAND, 0
FJ232225.1, THAILAND, 0
FJ232224.1, THAILAND, 0
FJ232223.1, THAILAND, 0
FJ232222.1, THAILAND, 0
FJ232221.1, THAILAND, 0
FJ232220.1, THAILAND, 0
FJ232219.1, THAILAND, 0
FJ232218.1, THAILAND, 0
FJ232217.1, THAILAND, 0
FJ232216.1, THAILAND, 0
FJ232215.1, THAILAND, 0
FJ232214.1, THAILAND, 0
FJ232213.1, THAILAND, 0
FJ232212.1, THAILAND, 0
FJ232211.1, THAILAND, 0
FJ232210.1, THAILAND, 0
FJ232209.1, THAILAND, 0
FJ232208.1, THAILAND, 0
FJ232207.1, THAILAND, 0
FJ232206.1, THAILAND, 0
FJ232205.1, THAILAND, 0
FJ232204.1, THAILAND, 0
FJ232203.1, THAILAND, 0
FJ232202.1, THAILAND, 0
FJ232201.1, THAILAND, 0
FJ232200.1, THAILAND, 0
FJ232199.1, THAILAND, 0
FJ232198.1, THAILAND, 0
FJ232197.1, THAILAND, 0
FJ232196.1, THAILAND, 0
FJ232195.1, THAILAND, 0
FJ232194.1, THAILAND, 0
FJ232193.1, THAILAND, 0
FJ232192.1, THAILAND, 0
FJ232191.1, THAILAND, 0
FJ232190.1, THAILAND, 0
FJ232189.1, THAILAND, 0
FJ232188.1, THAILAND, 0
FJ232187.1, THAILAND, 0
FJ232186.1, THAILAND, 0
FJ232185.1, THAILAND, 0
FJ232184.1, THAILAND, 0
FJ232183.1, THAILAND, 0
FJ232182.1, THAILAND, 0
FJ232181.1, THAILAND, 0
FJ232180.1, THAILAND, 0
FJ232179.1, THAILAND, 0
FJ232178.1, THAILAND, 0
FJ232177.1, THAILAND, 0
FJ232176.1, THAILAND, 0
FJ232175.1, THAILAND, 0
FJ232174.1, THAILAND, 0
FJ232173.1, THAILAND, 0
FJ232172.1, THAILAND, 0
FJ232171.1, THAILAND, 0
FJ232170.1, THAILAND, 0
FJ232169.1, THAILAND, 0
FJ232168.1, THAILAND, 0
FJ232167.1, THAILAND, 0
FJ232166.1, THAILAND, 0
FJ232165.1, THAILAND, 0
FJ232164.1, THAILAND, 0
FJ232163.1, THAILAND, 0
FJ232162.1, THAILAND, 0
FJ232161.1, THAILAND, 0
FJ232160.1, THAILAND, 0
FJ232159.1, THAILAND, 0
FJ232158.1, THAILAND, 0
FJ232157.1, THAILAND, 0
FJ232156.1, THAILAND, 0
FJ232155.1, THAILAND, 0
FJ232154.1, THAILAND, 0
FJ232153.1, THAILAND, 0
FJ232152.1, THAILAND, 0
FJ232151.1, THAILAND, 0
FJ232150.1, THAILAND, 0
FJ232149.1, THAILAND, 0
FJ232148.1, THAILAND, 0
FJ232147.1, THAILAND, 0
FJ232146.1, THAILAND, 0
FJ232145.1, THAILAND, 0
FJ232144.1, THAILAND, 0
FJ232143.1, THAILAND, 0
FJ232142.1, THAILAND, 0
MW554591.1, SUDAN, 1
MW554590.1, SUDAN, 1
MW554589.1, SUDAN, 1
MW554588.1, SUDAN, 1
MW554587.1, SUDAN, 1
MW554586.1, SUDAN, 1
MW554585.1, SUDAN, 1
MW554584.1, SUDAN, 1
MW554583.1, SUDAN, 1
MW554582.1, SUDAN, 1
MW554581.1, SUDAN, 1
MW554580.1, SUDAN, 1
MW554579.1, SUDAN, 1
MW554578.1, SUDAN, 1
MW554577.1, SUDAN, 1
MW554576.1, SUDAN, 1
MW554575.1, SUDAN, 1
MW554574.1, SUDAN, 1
MW554573.1, SUDAN, 1
MW554572.1, SUDAN, 1
MW554571.1, SUDAN, 1
MW554570.1, SUDAN, 1
MW554569.1, SUDAN, 1
MW554568.1, SUDAN, 1
MW554567.1, SUDAN, 1
MW554566.1, SUDAN, 1
MW554565.1, SUDAN, 1
MW554564.1, SUDAN, 1
MW554563.1, SUDAN, 1
MW554562.1, SUDAN, 1
MW554561.1, SUDAN, 1
MW554560.1, SUDAN, 1
MW554559.1, SUDAN, 1
MW554558.1, SUDAN, 1
MW554557.1, SUDAN, 1
MW554556.1, SUDAN, 1
MW554555.1, SUDAN, 1
MW554554.1, SUDAN, 1
MW554553.1, SUDAN, 1
MW554552.1, SUDAN, 1
MW554551.1, SUDAN, 1
MW554550.1, SUDAN, 1
MW554549.1, SUDAN, 1
MW554548.1, SUDAN, 1
MW554547.1, SUDAN, 1
MW554546.1, SUDAN, 1
MW554545.1, SUDAN, 1
MW554544.1, SUDAN, 1
MW554543.1, SUDAN, 1
MW554542.1, SUDAN, 1
MW554541.1, SUDAN, 1
MW554540.1, SUDAN, 1
MW554539.1, SUDAN, 1
MW554538.1, SUDAN, 1
MW554537.1, SUDAN, 1
MW554536.1, SUDAN, 1
MW554535.1, SUDAN, 1
MW554534.1, SUDAN, 1
MW554533.1, SUDAN, 1
MW554532.1, SUDAN, 1
MW554531.1, SUDAN, 1
MW554530.1, SUDAN, 1
MW554529.1, SUDAN, 1
MW554528.1, SUDAN, 1
MW554527.1, SUDAN, 1
MW554526.1, SUDAN, 1
MN623221.1, EQUATORIAL GUINEA: BIOKO, 1
MN623220.1, EQUATORIAL GUINEA: BIOKO, 1
MN623219.1, EQUATORIAL GUINEA: BIOKO, 1
MN623218.1, EQUATORIAL GUINEA: BIOKO, 1
MN623217.1, EQUATORIAL GUINEA: BIOKO, 1
MN623216.1, EQUATORIAL GUINEA: BIOKO, 1
MN623215.1, EQUATORIAL GUINEA: BIOKO, 1
MN623214.1, EQUATORIAL GUINEA: BIOKO, 1
MN623213.1, EQUATORIAL GUINEA: BIOKO, 1
MN623212.1, EQUATORIAL GUINEA: BIOKO, 1
MN623211.1, EQUATORIAL GUINEA: BIOKO, 1
MN623210.1, EQUATORIAL GUINEA: BIOKO, 1
MN623209.1, EQUATORIAL GUINEA: BIOKO, 1
MN623208.1, EQUATORIAL GUINEA: BIOKO, 1
MN623207.1, EQUATORIAL GUINEA: BIOKO, 1
MN623206.1, EQUATORIAL GUINEA: BIOKO, 1
MN623205.1, EQUATORIAL GUINEA: BIOKO, 1
MN623204.1, EQUATORIAL GUINEA: BIOKO, 1
MN623203.1, EQUATORIAL GUINEA: BIOKO, 1
MN623202.1, EQUATORIAL GUINEA: BIOKO, 1
MN623201.1, EQUATORIAL GUINEA: BIOKO, 1
MN623200.1, EQUATORIAL GUINEA: BIOKO, 1
MN623199.1, EQUATORIAL GUINEA: BIOKO, 1
MN623198.1, EQUATORIAL GUINEA: BIOKO, 1
MN623197.1, EQUATORIAL GUINEA: BIOKO, 1
MN623196.1, EQUATORIAL GUINEA: BIOKO, 1
MN623195.1, EQUATORIAL GUINEA: BIOKO, 1
MN623194.1, EQUATORIAL GUINEA: BIOKO, 1
MN623193.1, EQUATORIAL GUINEA: BIOKO, 1
MN623192.1, EQUATORIAL GUINEA: BIOKO, 1
MN623191.1, EQUATORIAL GUINEA: BIOKO, 1
MN623190.1, EQUATORIAL GUINEA: BIOKO, 1
MN623189.1, EQUATORIAL GUINEA: BIOKO, 1
MN623188.1, EQUATORIAL GUINEA: BIOKO, 1
MN623187.1, EQUATORIAL GUINEA: BIOKO, 1
MN623186.1, EQUATORIAL GUINEA: BIOKO, 1
MN623185.1, EQUATORIAL GUINEA: BIOKO, 1
MN623184.1, EQUATORIAL GUINEA: BIOKO, 1
MN623183.1, EQUATORIAL GUINEA: BIOKO, 1
MN623182.1, EQUATORIAL GUINEA: BIOKO, 1
MN623181.1, EQUATORIAL GUINEA: BIOKO, 1
MN623180.1, EQUATORIAL GUINEA: BIOKO, 1
MN623179.1, EQUATORIAL GUINEA: BIOKO, 1
MN623178.1, EQUATORIAL GUINEA: BIOKO, 1
MN623177.1, EQUATORIAL GUINEA: BIOKO, 1
MN623176.1, EQUATORIAL GUINEA: BIOKO, 1
MN623175.1, EQUATORIAL GUINEA: BIOKO, 1
MN623174.1, EQUATORIAL GUINEA: BIOKO, 1
MN623173.1, EQUATORIAL GUINEA: BIOKO, 1
MN623172.1, EQUATORIAL GUINEA: BIOKO, 1
MN623171.1, EQUATORIAL GUINEA: BIOKO, 1
MN623170.1, EQUATORIAL GUINEA: BIOKO, 1
MN623169.1, EQUATORIAL GUINEA: BIOKO, 1
MN623168.1, EQUATORIAL GUINEA: BIOKO, 1
MN623167.1, EQUATORIAL GUINEA: BIOKO, 1
MN623166.1, EQUATORIAL GUINEA: BIOKO, 1
MN623165.1, EQUATORIAL GUINEA: BIOKO, 1
MN623164.1, EQUATORIAL GUINEA: BIOKO, 1
MN623163.1, EQUATORIAL GUINEA: BIOKO, 1
MN623162.1, EQUATORIAL GUINEA: BIOKO, 1
MN623161.1, EQUATORIAL GUINEA: BIOKO, 1
MN623160.1, EQUATORIAL GUINEA: BIOKO, 1
MN623159.1, EQUATORIAL GUINEA: BIOKO, 1
MN623158.1, EQUATORIAL GUINEA: BIOKO, 1
MN623157.1, EQUATORIAL GUINEA: BIOKO, 1
MN623156.1, EQUATORIAL GUINEA: BIOKO, 1
MN623155.1, EQUATORIAL GUINEA: BIOKO, 1
MN623154.1, EQUATORIAL GUINEA: BIOKO, 1
MN623153.1, EQUATORIAL GUINEA: BIOKO, 1
MN623152.1, EQUATORIAL GUINEA: BIOKO, 1
MN623151.1, EQUATORIAL GUINEA: BIOKO, 1
MN623150.1, EQUATORIAL GUINEA: BIOKO, 1
MN623149.1, EQUATORIAL GUINEA: BIOKO, 1
MN623148.1, EQUATORIAL GUINEA: BIOKO, 1
MN623147.1, EQUATORIAL GUINEA: BIOKO, 1
MN623146.1, EQUATORIAL GUINEA: BIOKO, 1
MN623145.1, EQUATORIAL GUINEA: BIOKO, 1
MN623144.1, EQUATORIAL GUINEA: BIOKO, 1
MN623143.1, EQUATORIAL GUINEA: BIOKO, 1
MN623142.1, EQUATORIAL GUINEA: BIOKO, 1
MN623141.1, EQUATORIAL GUINEA: BIOKO, 1
MN623140.1, EQUATORIAL GUINEA: BIOKO, 1
MN623139.1, EQUATORIAL GUINEA: BIOKO, 1
MN623138.1, EQUATORIAL GUINEA: BIOKO, 1
MN623137.1, EQUATORIAL GUINEA: BIOKO, 1
MN623136.1, EQUATORIAL GUINEA: BIOKO, 1
MN623135.1, EQUATORIAL GUINEA: BIOKO, 1
MN623134.1, EQUATORIAL GUINEA: BIOKO, 1
MN623133.1, EQUATORIAL GUINEA: BIOKO, 1
MN623132.1, EQUATORIAL GUINEA: BIOKO, 1
MN623131.1, EQUATORIAL GUINEA: BIOKO, 1
MN623130.1, EQUATORIAL GUINEA: BIOKO, 1
MN623129.1, EQUATORIAL GUINEA: BIOKO, 1
MN623128.1, EQUATORIAL GUINEA: BIOKO, 1
MN623127.1, EQUATORIAL GUINEA: BIOKO, 1
MN623126.1, EQUATORIAL GUINEA: BIOKO, 1
AY093672.1, CHINA: HAINAN, 0
DQ521663.1, IRAN: SISTAN AND BALUCHISTAN, 0
DQ193595.1, MYANMAR, 0
DQ193594.1, INDONESIA: FLORES, 0
DQ193593.1, INDONESIA: FLORES, 0
DQ193592.1, VIET NAM, 0
DQ193591.1, VIET NAM, 0
DQ193590.1, VIET NAM, 0
DQ193589.1, VIET NAM, 0
DQ193588.1, VIET NAM, 0
DQ193587.1, VIET NAM, 0
DQ193586.1, VIET NAM, 0
DQ193585.1, VIET NAM, 0
DQ193584.1, VIET NAM, 0
DQ193583.1, VIET NAM, 0
DQ193582.1, VIET NAM, 0
DQ193581.1, VIET NAM, 0
DQ193580.1, VIET NAM, 0
DQ193579.1, VIET NAM, 0
DQ193578.1, VIET NAM, 0
DQ193577.1, VIET NAM, 0
DQ193576.1, VIET NAM, 0
DQ193575.1, VIET NAM, 0
DQ193574.1, VIET NAM, 0
DQ193573.1, VIET NAM, 0
HM778109.1, ?, ?
GQ119678.1, SIERRA LEONE, 1
GQ119677.1, SIERRA LEONE, 1
GQ119676.1, SIERRA LEONE, 1
GQ119675.1, SIERRA LEONE, 1
GQ119674.1, SIERRA LEONE, 1
GQ119673.1, SIERRA LEONE, 1
GQ119672.1, SIERRA LEONE, 1
GQ119671.1, SIERRA LEONE, 1
GQ119670.1, SIERRA LEONE, 1
GQ119669.1, SIERRA LEONE, 1
GQ119668.1, SIERRA LEONE, 1
GQ119667.1, SIERRA LEONE, 1
GQ119666.1, SIERRA LEONE, 1
GQ119665.1, SIERRA LEONE, 1
GQ119664.1, SIERRA LEONE, 1
GQ119663.1, SIERRA LEONE, 1
GQ119662.1, SIERRA LEONE, 1
GQ119661.1, SIERRA LEONE, 1
GQ119660.1, SIERRA LEONE, 1
GQ119659.1, SIERRA LEONE, 1
GQ119658.1, SIERRA LEONE, 1
GQ119657.1, SIERRA LEONE, 1
GQ119656.1, SIERRA LEONE, 1
GQ119655.1, SIERRA LEONE, 1
GQ119654.1, SIERRA LEONE, 1
GQ119653.1, SIERRA LEONE, 1
GQ119652.1, SIERRA LEONE, 1
GQ119651.1, SIERRA LEONE, 1
GQ119650.1, SIERRA LEONE, 1
GQ119649.1, SIERRA LEONE, 1
GQ119648.1, SIERRA LEONE, 1
GQ119647.1, SIERRA LEONE, 1
GQ119646.1, SIERRA LEONE, 1
GQ119645.1, SIERRA LEONE, 1
GQ119644.1, SIERRA LEONE, 1
GQ119643.1, SIERRA LEONE, 1
GQ119642.1, SIERRA LEONE, 1
GQ119641.1, SIERRA LEONE, 1
GQ119640.1, SIERRA LEONE, 1
GQ119639.1, SIERRA LEONE, 1
GQ119638.1, SIERRA LEONE, 1
GQ119637.1, SIERRA LEONE, 1
DQ521752.1, IRAN: SISTAN AND BALUCHISTAN PROVINCE, 0
DQ521739.1, IRAN: SISTAN AND BALUCHISTAN PROVINCE, 0
DQ521734.1, IRAN: SISTAN AND BALUCHISTAN PROVINCE, 0
DQ521732.1, IRAN: SISTAN AND BALUCHISTAN PROVINCE, 0
DQ521751.1, IRAN: SISTAN AND BALUCHISTAN PROVINCE, 0
DQ521750.1, IRAN: SISTAN AND BALUCHISTAN PROVINCE, 0
DQ521749.1, IRAN: SISTAN AND BALUCHISTAN PROVINCE, 0
DQ521748.1, IRAN: SISTAN AND BALUCHISTAN PROVINCE, 0
DQ521747.1, IRAN: SISTAN AND BALUCHISTAN PROVINCE, 0
DQ521746.1, IRAN: SISTAN AND BALUCHISTAN PROVINCE, 0
DQ521745.1, IRAN: SISTAN AND BALUCHISTAN PROVINCE, 0
DQ521744.1, IRAN: SISTAN AND BALUCHISTAN PROVINCE, 0
DQ521743.1, IRAN: SISTAN AND BALUCHISTAN PROVINCE, 0
DQ521742.1, IRAN: SISTAN AND BALUCHISTAN PROVINCE, 0
DQ521741.1, IRAN: SISTAN AND BALUCHISTAN PROVINCE, 0
DQ521740.1, IRAN: SISTAN AND BALUCHISTAN PROVINCE, 0
DQ521738.1, IRAN: SISTAN AND BALUCHISTAN PROVINCE, 0
DQ521737.1, IRAN: SISTAN AND BALUCHISTAN PROVINCE, 0
DQ521736.1, IRAN: SISTAN AND BALUCHISTAN PROVINCE, 0
DQ521735.1, IRAN: SISTAN AND BALUCHISTAN PROVINCE, 0
DQ521733.1, IRAN: SISTAN AND BALUCHISTAN PROVINCE, 0
AF315469.1, CHINA: HAINAN, 0
HM756109.1, INDIA: MADHYA PRADESH, 0
HM756108.1, INDIA: MADHYA PRADESH, 0
HM756107.1, INDIA: MADHYA PRADESH, 0
HM756106.1, INDIA: MADHYA PRADESH, 0
HM756105.1, INDIA: MADHYA PRADESH, 0
HM756104.1, INDIA: MADHYA PRADESH, 0
HM756103.1, INDIA: MADHYA PRADESH, 0
HM756102.1, INDIA: MADHYA PRADESH, 0
HM756101.1, INDIA: MADHYA PRADESH, 0
HM756100.1, INDIA: MADHYA PRADESH, 0
HM756099.1, INDIA: MADHYA PRADESH, 0
HM756098.1, INDIA: MADHYA PRADESH, 0
HM756097.1, INDIA: MADHYA PRADESH, 0
HM756096.1, INDIA: MADHYA PRADESH, 0
HM756095.1, INDIA: MADHYA PRADESH, 0
HM756094.1, INDIA: MADHYA PRADESH, 0
HM582081.1, INDIA: MADHYA PRADESH, 0
HM582080.1, INDIA: MADHYA PRADESH, 0
HM582079.1, INDIA: MADHYA PRADESH, 0
HM582078.1, INDIA: MADHYA PRADESH, 0
HM582077.1, INDIA: MADHYA PRADESH, 0
HM582076.1, INDIA: MADHYA PRADESH, 0
HM582075.1, INDIA: MADHYA PRADESH, 0
HM582074.1, INDIA: MADHYA PRADESH, 0
HM582073.1, INDIA: MADHYA PRADESH, 0
HM582072.1, INDIA: MADHYA PRADESH, 0
HM582071.1, INDIA: MADHYA PRADESH, 0
HM582070.1, INDIA: MADHYA PRADESH, 0
HM582069.1, INDIA: MADHYA PRADESH, 0
HM582068.1, INDIA: MADHYA PRADESH, 0
HM582067.1, INDIA: MADHYA PRADESH, 0
HM582066.1, INDIA: MADHYA PRADESH, 0
HM582065.1, INDIA: MADHYA PRADESH, 0
HM582064.1, INDIA: MADHYA PRADESH, 0
HM582063.1, INDIA: MADHYA PRADESH, 0
HM582062.1, INDIA: MADHYA PRADESH, 0
HM582061.1, INDIA: MADHYA PRADESH, 0
HM582060.1, INDIA: MADHYA PRADESH, 0
HM582059.1, INDIA: MADHYA PRADESH, 0
HM582058.1, INDIA: MADHYA PRADESH, 0
HM582057.1, INDIA: MADHYA PRADESH, 0
HM582056.1, INDIA: MADHYA PRADESH, 0
HM582055.1, INDIA: MADHYA PRADESH, 0
HM582054.1, INDIA: MADHYA PRADESH, 0
HM582053.1, INDIA: MADHYA PRADESH, 0
HM582052.1, INDIA: MADHYA PRADESH, 0
HM582051.1, INDIA: MADHYA PRADESH, 0
HM582050.1, INDIA: MADHYA PRADESH, 0
HM582049.1, INDIA: MADHYA PRADESH, 0
HM582048.1, INDIA: MADHYA PRADESH, 0
HM582047.1, INDIA: MADHYA PRADESH, 0
HM582046.1, INDIA: MADHYA PRADESH, 0
HM582045.1, INDIA: MADHYA PRADESH, 0
HM582044.1, INDIA: MADHYA PRADESH, 0
HM582043.1, INDIA: MADHYA PRADESH, 0
HM582042.1, INDIA: MADHYA PRADESH, 0
HM582041.1, INDIA: MADHYA PRADESH, 0
HM582040.1, INDIA: MADHYA PRADESH, 0
HM582039.1, INDIA: MADHYA PRADESH, 0
HM582038.1, INDIA: MADHYA PRADESH, 0
HM582037.1, INDIA: MADHYA PRADESH, 0
HM582036.1, INDIA: MADHYA PRADESH, 0
M15505.1, ?, ?
K02194.1, ?, ?
AF540488.1, ?, ?
AF540487.1, ?, ?
AF540486.1, ?, ?
AF540485.1, ?, ?
AF540484.1, ?, ?
AF540483.1, ?, ?
AF540482.1, ?, ?
AF540481.1, ?, ?
AF540480.1, ?, ?
AF540479.1, ?, ?
AF540478.1, ?, ?
AF540477.1, ?, ?
AF540476.1, ?, ?
AF540475.1, ?, ?
AF540474.1, ?, ?
AF540473.1, ?, ?
AF540472.1, ?, ?
AF540471.1, ?, ?
AF540470.1, ?, ?
AF540469.1, ?, ?
AF540468.1, ?, ?
AF540467.1, ?, ?
AF540466.1, ?, ?
AF540465.1, ?, ?
AF540464.1, ?, ?
AF540463.1, ?, ?
AF540462.1, ?, ?
AF540461.1, ?, ?
AF540460.1, ?, ?
AF540459.1, ?, ?
AF540458.1, ?, ?
AF540457.1, ?, ?
AF540456.1, ?, ?
AF540455.1, ?, ?
AF540454.1, ?, ?
AF540453.1, ?, ?
AF540452.1, ?, ?
AF540451.1, ?, ?
AF540450.1, ?, ?
AF540449.1, ?, ?
AF540448.1, ?, ?
AF540447.1, ?, ?
AF540446.1, ?, ?
AF540445.1, ?, ?
AF540444.1, ?, ?
AF540443.1, ?, ?
AF540442.1, ?, ?
AF540441.1, ?, ?
DQ286502.1, ?, ?
DQ286501.1, ?, ?
DQ286500.1, ?, ?
DQ286499.1, ?, ?
DQ286498.1, ?, ?
JX885521.1, ?, ?
JX885520.1, ?, ?
JX885519.1, ?, ?
JX885518.1, ?, ?
JX885517.1, ?, ?
JX885516.1, ?, ?
JX885515.1, ?, ?
JX885514.1, ?, ?
JX885513.1, ?, ?
JX885512.1, ?, ?
JX885511.1, ?, ?
M23185.1, ?, ?
M19752.1, ?, ?
MT009269.1, SENEGAL: THIES, 1
MT009268.1, SENEGAL: THIES, 1
MT009267.1, SENEGAL: THIES, 1
MT009266.1, SENEGAL: THIES, 1
MT009265.1, SENEGAL: THIES, 1
MT009264.1, SENEGAL: THIES, 1
MT009263.1, SENEGAL: THIES, 1
MT009262.1, SENEGAL: THIES, 1
MT009261.1, SENEGAL: THIES, 1
MT009260.1, SENEGAL: THIES, 1
MT009259.1, SENEGAL: THIES, 1
MT009258.1, SENEGAL: THIES, 1
MT009257.1, SENEGAL: THIES, 1
MT009256.1, SENEGAL: THIES, 1
MT009255.1, SENEGAL: THIES, 1
MT009254.1, SENEGAL: THIES, 1
MT009253.1, SENEGAL: THIES, 1
MT009252.1, SENEGAL: THIES, 1
MT009251.1, SENEGAL: THIES, 1
MT009250.1, SENEGAL: THIES, 1
MT009249.1, SENEGAL: THIES, 1
MT009248.1, SENEGAL: THIES, 1
MT009247.1, SENEGAL: THIES, 1
MT009246.1, SENEGAL: THIES, 1
MT009245.1, SENEGAL: THIES, 1
MT009244.1, SENEGAL: THIES, 1
MT009243.1, SENEGAL: THIES, 1
MT009242.1, SENEGAL: THIES, 1
MT009241.1, SENEGAL: THIES, 1
MT009240.1, SENEGAL: THIES, 1
MT009239.1, SENEGAL: THIES, 1
MT886967.1, KENYA, 1
MT886966.1, KENYA, 1
MT886965.1, KENYA, 1
MT886964.1, KENYA, 1
MT886963.1, KENYA, 1
MT886962.1, KENYA, 1
MT886961.1, KENYA, 1
MT886960.1, KENYA, 1
MT886959.1, KENYA, 1
MT886958.1, KENYA, 1
MT886957.1, KENYA, 1
MT886956.1, KENYA, 1
MT886955.1, KENYA, 1
MT886954.1, KENYA, 1
MT886953.1, KENYA, 1
MT886952.1, KENYA, 1
MT886951.1, KENYA, 1
MT886950.1, KENYA, 1
MT886949.1, KENYA, 1
MT886948.1, KENYA, 1
MT886947.1, KENYA, 1
MT886946.1, KENYA, 1
MT886945.1, KENYA, 1
MT886944.1, KENYA, 1
MT886943.1, KENYA, 1
MT886942.1, KENYA, 1
MT886941.1, KENYA, 1
MT886940.1, KENYA, 1
MT886939.1, KENYA, 1
MT886938.1, KENYA, 1
MT886937.1, KENYA, 1
MT886936.1, KENYA, 1
MT886935.1, KENYA, 1
MT886934.1, KENYA, 1
MT886933.1, KENYA, 1
MT886932.1, KENYA, 1
MT886931.1, KENYA, 1
MT886930.1, KENYA, 1
MT886929.1, KENYA, 1
MT886928.1, KENYA, 1
MT886927.1, KENYA, 1
MT886926.1, KENYA, 1
MT886925.1, KENYA, 1
MT886924.1, KENYA, 1
MT886923.1, KENYA, 1
MT886922.1, KENYA, 1
MT886921.1, KENYA, 1
MT886920.1, KENYA, 1
MT886919.1, KENYA, 1
MT886918.1, KENYA, 1
MT886917.1, KENYA, 1
MT886916.1, KENYA, 1
MT886915.1, KENYA, 1
MT886914.1, KENYA, 1
MT886913.1, KENYA, 1
MT886912.1, KENYA, 1
MT886911.1, KENYA, 1
MT886910.1, KENYA, 1
MT886909.1, KENYA, 1
MT886908.1, KENYA, 1
MT886907.1, KENYA, 1
MT886906.1, KENYA, 1
MT886905.1, KENYA, 1
MT886904.1, KENYA, 1
MT886903.1, KENYA, 1
MT886902.1, KENYA, 1
MT886901.1, KENYA, 1
MT886900.1, KENYA, 1
MT886899.1, KENYA, 1
MT886898.1, KENYA, 1
MT886897.1, KENYA, 1
MT886896.1, KENYA, 1
MT886895.1, KENYA, 1
MT886894.1, KENYA, 1
MT886893.1, KENYA, 1
MT886892.1, KENYA, 1
MT886891.1, KENYA, 1
MT886890.1, KENYA, 1
MT886889.1, KENYA, 1
MT886888.1, KENYA, 1
MT886887.1, KENYA, 1
MT886886.1, KENYA, 1
MT886885.1, KENYA, 1
MT886884.1, KENYA, 1
MT886883.1, KENYA, 1
MT886882.1, KENYA, 1
MT886881.1, KENYA, 1
MT886880.1, KENYA, 1
MT886879.1, KENYA, 1
MT886878.1, KENYA, 1
MT886877.1, KENYA, 1
MT886876.1, KENYA, 1
MT886875.1, KENYA, 1
MT886874.1, KENYA, 1
MT886873.1, KENYA, 1
MT886872.1, KENYA, 1
MT886871.1, KENYA, 1
MT886870.1, KENYA, 1
MT886869.1, KENYA, 1
MT886868.1, KENYA, 1
MT886867.1, KENYA, 1
MT886866.1, KENYA, 1
MN044259.1, ?, ?
MN044258.1, ?, ?
MN044257.1, ?, ?
MN044256.1, ?, ?
MN044255.1, ?, ?
MN044254.1, ?, ?
MN044253.1, ?, ?
MN044252.1, ?, ?
MN044251.1, ?, ?
MN044250.1, ?, ?
MN044249.1, ?, ?
MN044248.1, ?, ?
MN044247.1, ?, ?
MN044246.1, ?, ?
MN044245.1, ?, ?
MN044244.1, ?, ?
MN044243.1, ?, ?
MN044242.1, ?, ?
MN044241.1, ?, ?
MN044240.1, ?, ?
MN044239.1, ?, ?
MN044238.1, ?, ?
MN044237.1, ?, ?
MN044236.1, ?, ?
MN044235.1, ?, ?
MN044234.1, ?, ?
MN044233.1, ?, ?
MN044232.1, ?, ?
MN044231.1, ?, ?
MN044230.1, ?, ?
MN044229.1, ?, ?
MN044228.1, ?, ?
MN044227.1, ?, ?
MN044226.1, ?, ?
MN044225.1, ?, ?
MN044224.1, ?, ?
MK975308.1, ?, ?
MK975307.1, ?, ?
MK975306.1, ?, ?
MK975305.1, ?, ?
MK975304.1, ?, ?
MK975303.1, ?, ?
MK975302.1, ?, ?
MK975301.1, ?, ?
MK975300.1, ?, ?
MK975299.1, ?, ?
MK975298.1, ?, ?
MK975297.1, ?, ?
MK975296.1, ?, ?
MK975295.1, ?, ?
MK975294.1, ?, ?
MK975293.1, ?, ?
MK975292.1, ?, ?
MK975291.1, ?, ?
MK975290.1, ?, ?
MK975289.1, ?, ?
MK975288.1, ?, ?
MK975287.1, ?, ?
MK975286.1, ?, ?
MK975285.1, ?, ?
MK975284.1, ?, ?
MK975283.1, ?, ?
MK975282.1, ?, ?
MK975281.1, ?, ?
MK975280.1, ?, ?
MK975279.1, ?, ?
MK975278.1, ?, ?
MK975277.1, ?, ?
MK975276.1, ?, ?
MK975275.1, ?, ?
MK975274.1, ?, ?
MK975273.1, ?, ?
MK975272.1, ?, ?
MK975271.1, ?, ?
MK975270.1, ?, ?
MK975269.1, ?, ?
MK975268.1, ?, ?
MK975267.1, ?, ?
MK975266.1, ?, ?
MK975265.1, ?, ?
MK975264.1, ?, ?
MK975263.1, ?, ?
MK975262.1, ?, ?
MK975261.1, ?, ?
MK975260.1, ?, ?
MK975259.1, ?, ?
MK975258.1, ?, ?
MK933945.1, KENYA: BUNGOMA COUNTY, 1
MK933944.1, KENYA: BUNGOMA COUNTY, 1
MK933943.1, KENYA: BUNGOMA COUNTY, 1
MK933942.1, KENYA: BUNGOMA COUNTY, 1
MK933941.1, KENYA: BUNGOMA COUNTY, 1
MK933940.1, KENYA: BUNGOMA COUNTY, 1
MK933939.1, KENYA: BUNGOMA COUNTY, 1
MK933938.1, KENYA: BUNGOMA COUNTY, 1
MK933937.1, KENYA: BUNGOMA COUNTY, 1
MK933936.1, KENYA: BUNGOMA COUNTY, 1
MK933935.1, KENYA: BUNGOMA COUNTY, 1
MK933934.1, KENYA: BUNGOMA COUNTY, 1
MK933933.1, KENYA: BUNGOMA COUNTY, 1
MK933932.1, KENYA: BUNGOMA COUNTY, 1
MK933931.1, KENYA: BUNGOMA COUNTY, 1
MK933930.1, KENYA: BUNGOMA COUNTY, 1
MK933929.1, KENYA: BUNGOMA COUNTY, 1
MK933928.1, KENYA: BUNGOMA COUNTY, 1
MK933927.1, KENYA: BUNGOMA COUNTY, 1
MK933926.1, KENYA: BUNGOMA COUNTY, 1
MK933925.1, KENYA: BUNGOMA COUNTY, 1
MK933924.1, KENYA: BUNGOMA COUNTY, 1
MK933923.1, KENYA: BUNGOMA COUNTY, 1
MK933922.1, KENYA: BUNGOMA COUNTY, 1
MK933921.1, KENYA: BUNGOMA COUNTY, 1
MK933920.1, KENYA: BUNGOMA COUNTY, 1
MK933919.1, KENYA: BUNGOMA COUNTY, 1
MK933918.1, KENYA: BUNGOMA COUNTY, 1
MK933917.1, KENYA: BUNGOMA COUNTY, 1
MK933916.1, KENYA: BUNGOMA COUNTY, 1
MK933915.1, KENYA: BUNGOMA COUNTY, 1
MK933914.1, KENYA: BUNGOMA COUNTY, 1
MK933913.1, KENYA: BUNGOMA COUNTY, 1
MK933912.1, KENYA: BUNGOMA COUNTY, 1
MK933911.1, KENYA: BUNGOMA COUNTY, 1
MK933910.1, KENYA: BUNGOMA COUNTY, 1
MK933909.1, KENYA: BUNGOMA COUNTY, 1
MK933908.1, KENYA: BUNGOMA COUNTY, 1
MK933907.1, KENYA: BUNGOMA COUNTY, 1
MK933906.1, KENYA: BUNGOMA COUNTY, 1
MK933905.1, KENYA: BUNGOMA COUNTY, 1
MK933904.1, KENYA: BUNGOMA COUNTY, 1
MK933903.1, KENYA: BUNGOMA COUNTY, 1
MK933902.1, KENYA: BUNGOMA COUNTY, 1
MK933901.1, KENYA: BUNGOMA COUNTY, 1
MK933900.1, KENYA: BUNGOMA COUNTY, 1
MK933899.1, KENYA: BUNGOMA COUNTY, 1
MK933898.1, KENYA: BUNGOMA COUNTY, 1
MK933897.1, KENYA: BUNGOMA COUNTY, 1
MK933896.1, KENYA: BUNGOMA COUNTY, 1
MK933895.1, KENYA: BUNGOMA COUNTY, 1
MK933894.1, KENYA: BUNGOMA COUNTY, 1
MK933893.1, KENYA: BUNGOMA COUNTY, 1
MK933892.1, KENYA: BUNGOMA COUNTY, 1
MK933891.1, KENYA: BUNGOMA COUNTY, 1
MK933890.1, KENYA: BUNGOMA COUNTY, 1
MK933889.1, KENYA: BUNGOMA COUNTY, 1
MK933888.1, KENYA: BUNGOMA COUNTY, 1
MK933887.1, KENYA: BUNGOMA COUNTY, 1
MK933886.1, KENYA: BUNGOMA COUNTY, 1
MK933885.1, KENYA: BUNGOMA COUNTY, 1
MK933884.1, KENYA: BUNGOMA COUNTY, 1
MK933883.1, KENYA: BUNGOMA COUNTY, 1
MK933882.1, KENYA: BUNGOMA COUNTY, 1
MK933881.1, KENYA: BUNGOMA COUNTY, 1
MK933880.1, KENYA: BUNGOMA COUNTY, 1
MK933879.1, KENYA: BUNGOMA COUNTY, 1
MK933878.1, KENYA: BUNGOMA COUNTY, 1
MK933877.1, KENYA: BUNGOMA COUNTY, 1
MK933876.1, KENYA: BUNGOMA COUNTY, 1
MK933875.1, KENYA: BUNGOMA COUNTY, 1
MK933874.1, KENYA: BUNGOMA COUNTY, 1
MK933873.1, KENYA: BUNGOMA COUNTY, 1
MK933872.1, KENYA: BUNGOMA COUNTY, 1
MK933871.1, KENYA: BUNGOMA COUNTY, 1
MK933870.1, KENYA: BUNGOMA COUNTY, 1
MK933869.1, KENYA: BUNGOMA COUNTY, 1
MK933868.1, KENYA: BUNGOMA COUNTY, 1
MK933867.1, KENYA: BUNGOMA COUNTY, 1
MK933866.1, KENYA: BUNGOMA COUNTY, 1
MK933865.1, KENYA: BUNGOMA COUNTY, 1
MK933864.1, KENYA: BUNGOMA COUNTY, 1
MK933863.1, KENYA: BUNGOMA COUNTY, 1
MK933862.1, KENYA: BUNGOMA COUNTY, 1
MK933861.1, KENYA: BUNGOMA COUNTY, 1
MK933860.1, KENYA: BUNGOMA COUNTY, 1
MK933859.1, KENYA: BUNGOMA COUNTY, 1
MK933858.1, KENYA: BUNGOMA COUNTY, 1
MK933857.1, KENYA: BUNGOMA COUNTY, 1
MK933856.1, KENYA: BUNGOMA COUNTY, 1
MK933855.1, KENYA: BUNGOMA COUNTY, 1
MK933854.1, KENYA: BUNGOMA COUNTY, 1
MK933853.1, KENYA: BUNGOMA COUNTY, 1
MK933852.1, KENYA: BUNGOMA COUNTY, 1
MK933851.1, KENYA: BUNGOMA COUNTY, 1
MK933850.1, KENYA: BUNGOMA COUNTY, 1
MK933849.1, KENYA: BUNGOMA COUNTY, 1
MK933848.1, KENYA: BUNGOMA COUNTY, 1
MK933847.1, KENYA: BUNGOMA COUNTY, 1
MK933846.1, KENYA: BUNGOMA COUNTY, 1
MK933845.1, KENYA: BUNGOMA COUNTY, 1
MK933844.1, KENYA: BUNGOMA COUNTY, 1
MK933843.1, KENYA: BUNGOMA COUNTY, 1
MK933842.1, KENYA: BUNGOMA COUNTY, 1
MK933841.1, KENYA: BUNGOMA COUNTY, 1
MK933840.1, KENYA: BUNGOMA COUNTY, 1
MK933839.1, KENYA: BUNGOMA COUNTY, 1
MK933838.1, KENYA: BUNGOMA COUNTY, 1
MK933837.1, KENYA: BUNGOMA COUNTY, 1
MK933836.1, KENYA: BUNGOMA COUNTY, 1
MK933835.1, KENYA: BUNGOMA COUNTY, 1
MK933834.1, KENYA: BUNGOMA COUNTY, 1
MK933833.1, KENYA: BUNGOMA COUNTY, 1
MK933832.1, KENYA: BUNGOMA COUNTY, 1
MK933831.1, KENYA: BUNGOMA COUNTY, 1
MK933830.1, KENYA: BUNGOMA COUNTY, 1
MK933829.1, KENYA: BUNGOMA COUNTY, 1
MK933828.1, KENYA: BUNGOMA COUNTY, 1
MK933827.1, KENYA: BUNGOMA COUNTY, 1
MK933826.1, KENYA: BUNGOMA COUNTY, 1
MG715555.1, ?, ?
MG715554.1, ?, ?
MG715553.1, ?, ?
MG715552.1, ?, ?
MG715551.1, ?, ?
MG715550.1, ?, ?
MG715549.1, ?, ?
MG715548.1, ?, ?
MG715547.1, ?, ?
MG715546.1, ?, ?
MG715545.1, ?, ?
MG715544.1, ?, ?
MG715543.1, ?, ?
MG715542.1, ?, ?
MG715541.1, ?, ?
MG715540.1, ?, ?
MG715539.1, ?, ?
MG715538.1, ?, ?
MG715537.1, ?, ?
MG715536.1, ?, ?
MG715535.1, ?, ?
MG715534.1, ?, ?
MG715533.1, ?, ?
MG715532.1, ?, ?
MG715531.1, ?, ?
MG715530.1, ?, ?
MG715529.1, ?, ?
MG715528.1, ?, ?
MG715527.1, ?, ?
MG715526.1, ?, ?
MG715525.1, ?, ?
MG715524.1, ?, ?
MG715523.1, ?, ?
MG715522.1, ?, ?
MG715521.1, ?, ?
MG715520.1, ?, ?
MG715519.1, ?, ?
MG715518.1, ?, ?
MG715517.1, ?, ?
MG715516.1, ?, ?
MG715515.1, ?, ?
MG715514.1, ?, ?
MG715513.1, ?, ?
MG715512.1, ?, ?
MG715511.1, ?, ?
MG715510.1, ?, ?
MG715509.1, ?, ?
MG715508.1, ?, ?
MG715507.1, ?, ?
MG715506.1, ?, ?
MG715505.1, ?, ?
MG715504.1, ?, ?
MF350720.1, MYANMAR, 0
MF350719.1, MYANMAR, 0
MF350718.1, MYANMAR, 0
MF350717.1, MYANMAR, 0
MF350716.1, MYANMAR, 0
MF350715.1, MYANMAR, 0
MF350714.1, MYANMAR, 0
MF350713.1, MYANMAR, 0
MF350712.1, MYANMAR, 0
MF350711.1, MYANMAR, 0
MF350710.1, MYANMAR, 0
MF350709.1, MYANMAR, 0
MF350708.1, MYANMAR, 0
MF350707.1, MYANMAR, 0
MF350706.1, MYANMAR, 0
MF350705.1, MYANMAR, 0
MF350704.1, MYANMAR, 0
MF350703.1, MYANMAR, 0
MF350702.1, MYANMAR, 0
MF350701.1, MYANMAR, 0
MF350700.1, MYANMAR, 0
MF350699.1, MYANMAR, 0
MF350698.1, MYANMAR, 0
MF350697.1, MYANMAR, 0
MF350696.1, MYANMAR, 0
MF350695.1, MYANMAR, 0
MF350694.1, MYANMAR, 0
MF350693.1, MYANMAR, 0
MF350692.1, MYANMAR, 0
MF350691.1, MYANMAR, 0
MF350690.1, MYANMAR, 0
MF350689.1, MYANMAR, 0
MF350688.1, MYANMAR, 0
MF350687.1, MYANMAR, 0
MF350686.1, MYANMAR, 0
MF350685.1, MYANMAR, 0
MF350684.1, MYANMAR, 0
MF350683.1, MYANMAR, 0
MF350682.1, MYANMAR, 0
MF350681.1, MYANMAR, 0
MF350680.1, MYANMAR, 0
MF350679.1, MYANMAR, 0
MF350678.1, MYANMAR, 0
MF350677.1, MYANMAR, 0
MF350676.1, MYANMAR, 0
MF350675.1, MYANMAR, 0
MF350674.1, MYANMAR, 0
MF350673.1, MYANMAR, 0
MF350672.1, MYANMAR, 0
MF350671.1, MYANMAR, 0
MF350670.1, MYANMAR, 0
KY425845.1, INDIA, 0
KY425844.1, INDIA, 0
KY425843.1, INDIA, 0
KY425842.1, INDIA, 0
KY425841.1, INDIA, 0
KY425840.1, INDIA, 0
KY425839.1, INDIA, 0
KY425838.1, INDIA, 0
KY425837.1, INDIA, 0
KY425836.1, INDIA, 0
KY425835.1, INDIA, 0
KY425834.1, INDIA, 0
KY425833.1, INDIA, 0
KY425832.1, INDIA, 0
KY425831.1, INDIA, 0
KY425830.1, INDIA, 0
KY425829.1, INDIA, 0
KY425828.1, INDIA, 0
KY425827.1, INDIA, 0
KY425826.1, INDIA, 0
KY425825.1, INDIA, 0
KY425824.1, INDIA, 0
LF622917.1, ?, ?
DQ521731.1, IRAN: SISTAN AND BALUCHISTAN, 0
DQ521730.1, IRAN: SISTAN AND BALUCHISTAN, 0
DQ521729.1, IRAN: SISTAN AND BALUCHISTAN, 0
DQ521728.1, IRAN: SISTAN AND BALUCHISTAN, 0
DQ521727.1, IRAN: SISTAN AND BALUCHISTAN, 0
DQ521726.1, IRAN: SISTAN AND BALUCHISTAN, 0
DQ521725.1, IRAN: SISTAN AND BALUCHISTAN, 0
DQ521724.1, IRAN: SISTAN AND BALUCHISTAN, 0
DQ521723.1, IRAN: SISTAN AND BALUCHISTAN, 0
DQ521722.1, IRAN: SISTAN AND BALUCHISTAN, 0
DQ521721.1, IRAN: SISTAN AND BALUCHISTAN, 0
DQ521720.1, IRAN: SISTAN AND BALUCHISTAN, 0
DQ521719.1, IRAN: SISTAN AND BALUCHISTAN, 0
DQ521718.1, IRAN: SISTAN AND BALUCHISTAN, 0
DQ521717.1, IRAN: SISTAN AND BALUCHISTAN, 0
DQ521716.1, IRAN: SISTAN AND BALUCHISTAN, 0
DQ521715.1, IRAN: SISTAN AND BALUCHISTAN, 0
DQ521714.1, IRAN: SISTAN AND BALUCHISTAN, 0
DQ521713.1, IRAN: SISTAN AND BALUCHISTAN, 0
DQ521712.1, IRAN: SISTAN AND BALUCHISTAN, 0
DQ521711.1, IRAN: SISTAN AND BALUCHISTAN, 0
DQ521710.1, IRAN: SISTAN AND BALUCHISTAN, 0
DQ521709.1, IRAN: SISTAN AND BALUCHISTAN, 0
DQ521708.1, IRAN: SISTAN AND BALUCHISTAN, 0
DQ521707.1, IRAN: SISTAN AND BALUCHISTAN, 0
DQ521706.1, IRAN: SISTAN AND BALUCHISTAN, 0
DQ521705.1, IRAN: SISTAN AND BALUCHISTAN, 0
DQ521704.1, IRAN: SISTAN AND BALUCHISTAN, 0
DQ521703.1, IRAN: SISTAN AND BALUCHISTAN, 0
DQ521702.1, IRAN: SISTAN AND BALUCHISTAN, 0
DQ521701.1, IRAN: SISTAN AND BALUCHISTAN, 0
DQ521700.1, IRAN: SISTAN AND BALUCHISTAN, 0
DQ521699.1, IRAN: SISTAN AND BALUCHISTAN, 0
DQ521698.1, IRAN: SISTAN AND BALUCHISTAN, 0
DQ521697.1, IRAN: SISTAN AND BALUCHISTAN, 0
DQ521696.1, IRAN: SISTAN AND BALUCHISTAN, 0
DQ521695.1, IRAN: SISTAN AND BALUCHISTAN, 0
DQ521694.1, IRAN: SISTAN AND BALUCHISTAN, 0
DQ521693.1, IRAN: SISTAN AND BALUCHISTAN, 0
DQ521692.1, IRAN: SISTAN AND BALUCHISTAN, 0
DQ521691.1, IRAN: SISTAN AND BALUCHISTAN, 0
DQ521690.1, IRAN: SISTAN AND BALUCHISTAN, 0
DQ521689.1, IRAN: SISTAN AND BALUCHISTAN, 0
DQ521688.1, IRAN: SISTAN AND BALUCHISTAN, 0
DQ521687.1, IRAN: SISTAN AND BALUCHISTAN, 0
DQ521686.1, IRAN: SISTAN AND BALUCHISTAN, 0
DQ521685.1, IRAN: SISTAN AND BALUCHISTAN, 0
DQ521684.1, IRAN: SISTAN AND BALUCHISTAN, 0
DQ521683.1, IRAN: SISTAN AND BALUCHISTAN, 0
DQ521682.1, IRAN: SISTAN AND BALUCHISTAN, 0
DQ521681.1, IRAN: SISTAN AND BALUCHISTAN, 0
DQ521680.1, IRAN: SISTAN AND BALUCHISTAN, 0
DQ521679.1, IRAN: SISTAN AND BALUCHISTAN, 0
DQ521678.1, IRAN: SISTAN AND BALUCHISTAN, 0
DQ521677.1, IRAN: SISTAN AND BALUCHISTAN, 0
DQ521676.1, IRAN: SISTAN AND BALUCHISTAN, 0
DQ521675.1, IRAN: SISTAN AND BALUCHISTAN, 0
DQ521674.1, IRAN: SISTAN AND BALUCHISTAN, 0
DQ521673.1, IRAN: SISTAN AND BALUCHISTAN, 0
DQ521672.1, IRAN: SISTAN AND BALUCHISTAN, 0
DQ521671.1, IRAN: SISTAN AND BALUCHISTAN, 0
DQ521670.1, IRAN: SISTAN AND BALUCHISTAN, 0
DQ521669.1, IRAN: SISTAN AND BALUCHISTAN, 0
DQ521668.1, IRAN: SISTAN AND BALUCHISTAN, 0
DQ521667.1, IRAN: SISTAN AND BALUCHISTAN, 0
DQ521666.1, IRAN: SISTAN AND BALUCHISTAN, 0
DQ521665.1, IRAN: SISTAN AND BALUCHISTAN, 0
DQ521664.1, IRAN: SISTAN AND BALUCHISTAN, 0
AF181835.1, GAMBIA, 1
AF181834.1, GAMBIA, 1
AF181833.1, GAMBIA, 1
M83162.1, ?, ?
M83160.1, ?, ?
M83159.1, ?, ?
M83157.1, ?, ?
M83154.1, ?, ?
M83153.1, ?, ?
M83151.1, ?, ?
M83171.1, ?, ?
M77205.1, ?, ?
M77204.1, ?, ?
M77203.1, ?, ?
M77202.1, ?, ?
LG024576.1, ?, ?
JX899664.1, REPUBLIC OF THE CONGO, 1
JX899663.1, REPUBLIC OF THE CONGO, 1
JX899662.1, REPUBLIC OF THE CONGO, 1
KF158712.1, ?, ?
KF158711.1, ?, ?
KF158710.1, ?, ?
KF158709.1, ?, ?
KF158708.1, ?, ?
KF158707.1, ?, ?
KF158706.1, ?, ?
KF158705.1, ?, ?
KF158704.1, ?, ?
KF158703.1, ?, ?
KF158702.1, ?, ?
KF158701.1, ?, ?
KF158700.1, ?, ?
KF158699.1, ?, ?
KF158698.1, ?, ?
KF158697.1, ?, ?
KF158696.1, ?, ?
KF158695.1, ?, ?
KF158694.1, ?, ?
KF158693.1, ?, ?
KF158692.1, ?, ?
KF158691.1, ?, ?
KF158690.1, ?, ?
KF158689.1, ?, ?
KF158688.1, ?, ?
KF158687.1, ?, ?
KF158686.1, ?, ?
KF158685.1, ?, ?
KF158684.1, ?, ?
KF158683.1, ?, ?
KF158682.1, ?, ?
KF158681.1, ?, ?
KF158680.1, ?, ?
KF158679.1, ?, ?
KF158678.1, ?, ?
KF158677.1, ?, ?
KF158676.1, ?, ?
KF158675.1, ?, ?
KF158674.1, ?, ?
KF158673.1, ?, ?
KF158672.1, ?, ?
KF158671.1, ?, ?
KF158670.1, ?, ?
KF158669.1, ?, ?
KF158668.1, ?, ?
KF158667.1, ?, ?
KF158666.1, ?, ?
KF158665.1, ?, ?
KF158664.1, ?, ?
KF158663.1, ?, ?
KF158662.1, ?, ?
KF158661.1, ?, ?
KF158660.1, ?, ?
KF158659.1, ?, ?
KF158658.1, ?, ?
KF158657.1, ?, ?
KF158656.1, ?, ?
KF158655.1, ?, ?
KF158654.1, ?, ?
KF158653.1, ?, ?
KF158652.1, ?, ?
KF158651.1, ?, ?
KF158650.1, ?, ?
KF158649.1, ?, ?
KF158648.1, ?, ?
KF158647.1, ?, ?
KF158646.1, ?, ?
KF158645.1, ?, ?
KF158644.1, ?, ?
KF158643.1, ?, ?
KF158642.1, ?, ?
KF158641.1, ?, ?
KF158640.1, ?, ?
KF158639.1, ?, ?
KF158638.1, ?, ?
KF158637.1, ?, ?
KF158636.1, ?, ?
KF158635.1, ?, ?
KF158634.1, ?, ?
KF158633.1, ?, ?
KF158632.1, ?, ?
KF158631.1, ?, ?
KF158630.1, ?, ?
KF158629.1, ?, ?
KF158628.1, ?, ?
KF158627.1, ?, ?
KF158626.1, ?, ?
KF158625.1, ?, ?
KF158624.1, ?, ?
KF158623.1, ?, ?
KF158622.1, ?, ?
KF158621.1, ?, ?
KF158620.1, ?, ?
KF158619.1, ?, ?
KF158618.1, ?, ?
KF158617.1, ?, ?
KF158616.1, ?, ?
KF158615.1, ?, ?
KF158614.1, ?, ?
KF158613.1, ?, ?
KF158612.1, ?, ?
KF158611.1, ?, ?
KF158610.1, ?, ?
KF158609.1, ?, ?
KF158608.1, ?, ?
KF158607.1, ?, ?
KF158606.1, ?, ?
KF158605.1, ?, ?
KF158604.1, ?, ?
KF158603.1, ?, ?
KF158602.1, ?, ?
KF158601.1, ?, ?
KF158600.1, ?, ?
KF158599.1, ?, ?
KF158598.1, ?, ?
KF158597.1, ?, ?
KF158596.1, ?, ?
KF158595.1, ?, ?
KF158594.1, ?, ?
KF158593.1, ?, ?
KF158592.1, ?, ?
KF158591.1, ?, ?
KF158590.1, ?, ?
KF158589.1, ?, ?
KF158588.1, ?, ?
KF158587.1, ?, ?
KF158586.1, ?, ?
KF158585.1, ?, ?
KF158584.1, ?, ?
KF158583.1, ?, ?
KF158582.1, ?, ?
KF158581.1, ?, ?
KF158580.1, ?, ?
KF158579.1, ?, ?
KF158578.1, ?, ?
KF158577.1, ?, ?
KF158576.1, ?, ?
KF158575.1, ?, ?
KF158574.1, ?, ?
KF158573.1, ?, ?
KF158572.1, ?, ?
KF158571.1, ?, ?
KF158570.1, ?, ?
KF158569.1, ?, ?
KF158568.1, ?, ?
KF158567.1, ?, ?
KF158566.1, ?, ?
KF158565.1, ?, ?
KF158564.1, ?, ?
KF158563.1, ?, ?
KF158562.1, ?, ?
KF158561.1, ?, ?
KF158560.1, ?, ?
KF158559.1, ?, ?
KF158558.1, ?, ?
KF158557.1, ?, ?
KF158556.1, ?, ?
JN634642.1, MALAWI, 1
JN634641.1, MALAWI, 1
JN634640.1, MALAWI, 1
JN634639.1, MALAWI, 1
JN634638.1, MALAWI, 1
JN634637.1, MALAWI, 1
JN634636.1, MALAWI, 1
JN634635.1, MALAWI, 1
JN634634.1, MALAWI, 1
JN634633.1, MALAWI, 1
JN634632.1, MALAWI, 1
JN634631.1, MALAWI, 1
JN634630.1, MALAWI, 1
JN634629.1, MALAWI, 1
JN634628.1, MALAWI, 1
JN634627.1, MALAWI, 1
JN634626.1, MALAWI, 1
JN634625.1, MALAWI, 1
JN634624.1, MALAWI, 1
JN634623.1, MALAWI, 1
JN634622.1, MALAWI, 1
JN634621.1, MALAWI, 1
JN634620.1, MALAWI, 1
JN634619.1, MALAWI, 1
JN634618.1, MALAWI, 1
JN634617.1, MALAWI, 1
JN634616.1, MALAWI, 1
JN634615.1, MALAWI, 1
JN634614.1, MALAWI, 1
JN634613.1, MALAWI, 1
JN634612.1, MALAWI, 1
JN634611.1, MALAWI, 1
JN634610.1, MALAWI, 1
JN634609.1, MALAWI, 1
JN634608.1, MALAWI, 1
JN634607.1, MALAWI, 1
JN634606.1, MALAWI, 1
JN634605.1, MALAWI, 1
JN634604.1, MALAWI, 1
JN634603.1, MALAWI, 1
JN634602.1, MALAWI, 1
JN634601.1, MALAWI, 1
JN634600.1, MALAWI, 1
JN634599.1, MALAWI, 1
JN634598.1, MALAWI, 1
JN634597.1, MALAWI, 1
JN634596.1, MALAWI, 1
JN634595.1, MALAWI, 1
JN634594.1, MALAWI, 1
JN634593.1, MALAWI, 1
JN634592.1, MALAWI, 1
JN634591.1, MALAWI, 1
JN634590.1, MALAWI, 1
JN634589.1, MALAWI, 1
JN634588.1, MALAWI, 1
JN634587.1, MALAWI, 1
JN634586.1, MALAWI, 1
M83163.1, ?, ?
M83161.1, ?, ?
M83158.1, ?, ?
M83156.1, ?, ?
M83155.1, ?, ?
M83152.1, ?, ?
M83150.1, ?, ?
M83149.1, ?, ?
M83174.1, ?, ?
M83173.1, ?, ?
M83172.1, ?, ?
M83170.1, ?, ?
M83169.1, ?, ?
M83168.1, ?, ?
M83167.1, ?, ?
M83166.1, ?, ?
M83165.1, ?, ?
M83164.1, ?, ?
GQ890789.1, ?, ?
GQ890788.1, ?, ?
GQ890787.1, ?, ?
GQ890786.1, ?, ?
GQ890785.1, ?, ?
GQ890784.1, ?, ?
GQ890783.1, ?, ?
GQ890782.1, ?, ?
GQ890781.1, ?, ?
GQ890780.1, ?, ?
GQ890779.1, ?, ?
GQ890778.1, ?, ?
GQ890777.1, ?, ?
GQ890776.1, ?, ?
GQ890775.1, ?, ?
GQ890774.1, ?, ?
GQ890773.1, ?, ?
GQ890772.1, ?, ?
GQ890771.1, ?, ?
GQ890770.1, ?, ?
GQ890769.1, ?, ?
GQ890768.1, ?, ?
GQ890767.1, ?, ?
GQ890766.1, ?, ?
GQ890765.1, ?, ?
GQ890764.1, ?, ?
GQ890763.1, ?, ?
GQ890762.1, ?, ?
GQ890761.1, ?, ?
GQ890760.1, ?, ?
GQ890759.1, ?, ?
GQ890758.1, ?, ?
GQ890757.1, ?, ?
GQ890756.1, ?, ?
GQ890755.1, ?, ?
GQ890754.1, ?, ?
GQ890753.1, ?, ?
GQ890752.1, ?, ?
GQ890751.1, ?, ?
GQ890750.1, ?, ?
GQ890749.1, ?, ?
GQ890748.1, ?, ?
GQ890747.1, ?, ?
GQ890746.1, ?, ?
GQ890745.1, ?, ?
GQ890744.1, ?, ?
GQ890743.1, ?, ?
GQ890742.1, ?, ?
GQ890741.1, ?, ?
GQ890740.1, ?, ?
GQ890739.1, ?, ?
GQ890738.1, ?, ?
GQ890737.1, ?, ?
GQ890736.1, ?, ?
GQ890735.1, ?, ?
GQ890734.1, ?, ?
GQ890733.1, ?, ?
GQ890732.1, ?, ?
GQ890731.1, ?, ?
GQ890730.1, ?, ?
GQ890729.1, ?, ?
GQ890728.1, ?, ?
GQ890727.1, ?, ?
GQ890726.1, ?, ?
GQ890725.1, ?, ?
GQ890724.1, ?, ?
GQ890723.1, ?, ?
GQ890722.1, ?, ?
GQ890721.1, ?, ?
GQ890720.1, ?, ?
GQ890719.1, ?, ?
GQ890718.1, ?, ?
GQ890717.1, ?, ?
GQ890716.1, ?, ?
GQ890715.1, ?, ?
GQ890714.1, ?, ?
GQ890713.1, ?, ?
GQ890712.1, ?, ?
GQ890711.1, ?, ?
GQ890710.1, ?, ?
GQ890709.1, ?, ?
GQ890708.1, ?, ?
GQ890707.1, ?, ?
GQ890706.1, ?, ?
GQ890705.1, ?, ?
GQ890704.1, ?, ?
GQ890703.1, ?, ?
GQ890702.1, ?, ?
M83886.1, ?, ?
AY870439.1, ?, ?
KT315396.1, ?, ?
AY878641.1, GAMBIA: FARIFENNI, 1
AY878640.1, GAMBIA: FARIFENNI, 1
AY878639.1, GAMBIA: FARIFENNI, 1
AY878638.1, GAMBIA: FARIFENNI, 1
AY878637.1, GAMBIA: FARIFENNI, 1
AY878636.1, GAMBIA: FARIFENNI, 1
AY878635.1, GAMBIA: FARIFENNI, 1
AY878634.1, GAMBIA: FARIFENNI, 1
AY878633.1, GAMBIA: FARIFENNI, 1
AY878632.1, GAMBIA: FARIFENNI, 1
AY878631.1, GAMBIA: FARIFENNI, 1
AY878630.1, GAMBIA: FARIFENNI, 1
AY878629.1, GAMBIA: FARIFENNI, 1
AY878628.1, GAMBIA: FARIFENNI, 1
AY878627.1, GAMBIA: FARIFENNI, 1
AY878626.1, GAMBIA: FARIFENNI, 1
AY878625.1, GAMBIA: FARIFENNI, 1
AY878624.1, GAMBIA: FARIFENNI, 1
AY878623.1, GAMBIA: FARIFENNI, 1
AY878622.1, GAMBIA: FARIFENNI, 1
AY878621.1, GAMBIA: FARIFENNI, 1
AY878620.1, GAMBIA: FARIFENNI, 1
AY878619.1, GAMBIA: FARIFENNI, 1
AY878618.1, GAMBIA: FARIFENNI, 1
AY878617.1, GAMBIA: FARIFENNI, 1
AY878616.1, GAMBIA: FARIFENNI, 1
AY878615.1, GAMBIA: FARIFENNI, 1
AY878614.1, GAMBIA: FARIFENNI, 1
AY878613.1, GAMBIA: FARIFENNI, 1
AY878612.1, GAMBIA: FARIFENNI, 1
AY878611.1, GAMBIA: FARIFENNI, 1
AY878610.1, GAMBIA: FARIFENNI, 1
AY878609.1, GAMBIA: FARIFENNI, 1
AY878608.1, GAMBIA: FARIFENNI, 1
AY878607.1, GAMBIA: FARIFENNI, 1
AY878606.1, GAMBIA: FARIFENNI, 1
AY878605.1, GAMBIA: FARIFENNI, 1
AY878604.1, GAMBIA: FARIFENNI, 1
AY878603.1, GAMBIA: FARIFENNI, 1
AY878602.1, GAMBIA: FARIFENNI, 1
AY878601.1, GAMBIA: FARIFENNI, 1
AY878600.1, GAMBIA: FARIFENNI, 1
AY878599.1, GAMBIA: FARIFENNI, 1
AY878598.1, GAMBIA: FARIFENNI, 1
KR606687.1, ?, ?
KR606686.1, ?, ?
KR606685.1, ?, ?
KR606684.1, ?, ?
KR606683.1, ?, ?
KR606682.1, ?, ?
KR606681.1, ?, ?
KR606680.1, ?, ?
KR606679.1, ?, ?
KR606678.1, ?, ?
KR606677.1, ?, ?
KR606676.1, ?, ?
KR606675.1, ?, ?
KR606674.1, ?, ?
KR606673.1, ?, ?
KR606672.1, ?, ?
KR606671.1, ?, ?
KR606670.1, ?, ?
KR606669.1, ?, ?
KR606668.1, ?, ?
KR606667.1, ?, ?
KR606666.1, ?, ?
KR606665.1, ?, ?
KR606664.1, ?, ?
KR606663.1, ?, ?
KR606662.1, ?, ?
KR606661.1, ?, ?
KR606660.1, ?, ?
KR606659.1, ?, ?
KR606658.1, ?, ?
KR606657.1, ?, ?
KR606656.1, ?, ?
KR606655.1, ?, ?
KR606654.1, ?, ?
KR606653.1, ?, ?
KR606652.1, ?, ?
KR606651.1, ?, ?
KR606650.1, ?, ?
KR606649.1, ?, ?
KR606648.1, ?, ?
KR606647.1, ?, ?
KM278210.1, INDIA, 0
KM278209.1, INDIA, 0
KM278208.1, INDIA, 0
KM278207.1, INDIA, 0
KM278206.1, INDIA, 0
KM278205.1, INDIA, 0
KM278204.1, INDIA, 0
KM278203.1, INDIA, 0
KM278202.1, INDIA, 0
KM278201.1, INDIA, 0
AJ269978.1, BRAZIL, 0
AJ269960.1, MYANMAR, 0
AJ269959.1, MYANMAR, 0
AJ269958.1, MYANMAR, 0
AJ269957.1, MYANMAR, 0
AJ269956.1, MYANMAR, 0
AJ269955.1, MYANMAR, 0
AJ269945.1, MYANMAR, 0
AJ269977.1, BRAZIL, 0
AJ269976.1, BRAZIL, 0
AJ269975.1, BRAZIL, 0
AJ269974.1, BRAZIL, 0
AJ269973.1, BRAZIL, 0
AJ269972.1, BRAZIL, 0
AJ269971.1, BRAZIL, 0
AJ269970.1, SENEGAL, 1
AJ269969.1, SENEGAL, 1
AJ269968.1, SENEGAL, 1
AJ269967.1, SENEGAL, 1
AJ269966.1, SENEGAL, 1
AJ269965.1, SENEGAL, 1
AJ269964.1, SENEGAL, 1
AJ269963.1, SENEGAL, 1
AJ269962.1, SENEGAL, 1
AJ269961.1, SENEGAL, 1
AJ269954.1, ?, ?
AJ269953.1, ?, ?
AJ269952.1, UGANDA, 1
AJ269951.1, LIBERIA, 1
AJ269950.1, PAPUA NEW GUINEA, 1
AJ269949.1, HONDURAS, 0
AJ269948.1, SENEGAL, 1
AJ269947.1, TANZANIA, 1
AJ269946.1, THAILAND, 0
AJ269944.1, TANZANIA, 1
AJ269943.1, INDIA, 0
AJ269942.1, TANZANIA, 1
AJ269941.1, BRAZIL, 0
AB827736.1, THAILAND:KANCHANABURI PROVINCE, 0
AB827735.1, THAILAND:KANCHANABURI PROVINCE, 0
AB827734.1, THAILAND:KANCHANABURI PROVINCE, 0
AB827733.1, THAILAND:KANCHANABURI PROVINCE, 0
AB827732.1, THAILAND:KANCHANABURI PROVINCE, 0
AB827731.1, THAILAND:KANCHANABURI PROVINCE, 0
AB827730.1, THAILAND:KANCHANABURI PROVINCE, 0
AB827729.1, THAILAND:KANCHANABURI PROVINCE, 0
AB827728.1, THAILAND:KANCHANABURI PROVINCE, 0
AB827727.1, THAILAND:KANCHANABURI PROVINCE, 0
AB827726.1, THAILAND:KANCHANABURI PROVINCE, 0
AB827725.1, THAILAND:KANCHANABURI PROVINCE, 0
AB827724.1, THAILAND:KANCHANABURI PROVINCE, 0
AB827723.1, THAILAND:KANCHANABURI PROVINCE, 0
AB827722.1, THAILAND:KANCHANABURI PROVINCE, 0
AB827721.1, THAILAND:KANCHANABURI PROVINCE, 0
AB827720.1, THAILAND:KANCHANABURI PROVINCE, 0
AB827719.1, THAILAND:KANCHANABURI PROVINCE, 0
AB827718.1, THAILAND:KANCHANABURI PROVINCE, 0
AB827717.1, THAILAND:KANCHANABURI PROVINCE, 0
AB827716.1, THAILAND:KANCHANABURI PROVINCE, 0
AB827715.1, THAILAND:KANCHANABURI PROVINCE, 0
AB827714.1, THAILAND:KANCHANABURI PROVINCE, 0
AB827713.1, THAILAND:KANCHANABURI PROVINCE, 0
AB827712.1, THAILAND:KANCHANABURI PROVINCE, 0
AB827711.1, THAILAND:KANCHANABURI PROVINCE, 0
AB827710.1, THAILAND:KANCHANABURI PROVINCE, 0
AB827709.1, THAILAND:KANCHANABURI PROVINCE, 0
AB827708.1, THAILAND:KANCHANABURI PROVINCE, 0
AB827707.1, THAILAND:KANCHANABURI PROVINCE, 0
AB715576.1, VANUATU, 0
AB715575.1, VANUATU, 0
AB715574.1, VANUATU, 0
AB715573.1, VANUATU, 0
AB715572.1, VANUATU, 0
AB715571.1, VANUATU, 0
AB715570.1, VANUATU, 0
AB715569.1, VANUATU, 0
AB715568.1, VANUATU, 0
AB715567.1, VANUATU, 0
AB715566.1, VANUATU, 0
AB715565.1, VANUATU, 0
AB715564.1, VANUATU, 0
AB715563.1, VANUATU, 0
AB715562.1, VANUATU, 0
AB715561.1, VANUATU, 0
AB715560.1, VANUATU, 0
AB715559.1, VANUATU, 0
AB715558.1, VANUATU, 0
AB715557.1, VANUATU, 0
AB715556.1, VANUATU, 0
AB715555.1, VANUATU, 0
AB715554.1, VANUATU, 0
AB715553.1, VANUATU, 0
AB715552.1, VANUATU, 0
AB715551.1, VANUATU, 0
AB715550.1, VANUATU, 0
AB715549.1, VANUATU, 0
AB715548.1, VANUATU, 0
AB715547.1, VANUATU, 0
AB715546.1, VANUATU, 0
AB715545.1, VANUATU, 0
AB715544.1, VANUATU, 0
AB715543.1, VANUATU, 0
AB715542.1, VANUATU, 0
AB715541.1, VANUATU, 0
AB715540.1, VANUATU, 0
AB715539.1, VANUATU, 0
AB715538.1, VANUATU, 0
AB715537.1, VANUATU, 0
AB715536.1, VANUATU, 0
AB715535.1, VANUATU, 0
AB715534.1, VANUATU, 0
AB715533.1, VANUATU, 0
AB715532.1, VANUATU, 0
AB715531.1, VANUATU, 0
AB715530.1, VANUATU, 0
AB715529.1, VANUATU, 0
AB715528.1, VANUATU, 0
AB715527.1, VANUATU, 0
AB715526.1, VANUATU, 0
AB715525.1, VANUATU, 0
AB715524.1, VANUATU, 0
AB715523.1, VANUATU, 0
AB715522.1, VANUATU, 0
AB715521.1, VANUATU, 0
AB715520.1, VANUATU, 0
AB503203.1, VENEZUELA, 0
AB503202.1, VENEZUELA, 0
AB503201.1, VENEZUELA, 0
AB503200.1, VENEZUELA, 0
AB503199.1, VENEZUELA, 0
AB503198.1, VENEZUELA, 0
AB503197.1, VENEZUELA, 0
AB503196.1, VENEZUELA, 0
AB503195.1, VENEZUELA, 0
AB503194.1, VENEZUELA, 0
AB503193.1, BRAZIL, 0
AB503192.1, BRAZIL, 0
AB503191.1, BRAZIL, 0
AB503190.1, BRAZIL, 0
AB503189.1, BRAZIL, 0
AB503188.1, BRAZIL, 0
AB503187.1, BRAZIL, 0
AB503186.1, BRAZIL, 0
AB503185.1, BRAZIL, 0
AB503184.1, BRAZIL, 0
AB503183.1, BRAZIL, 0
AB503182.1, BRAZIL, 0
AB503181.1, BRAZIL, 0
AB503180.1, BRAZIL, 0
AB503179.1, BRAZIL, 0
AB503178.1, BRAZIL, 0
AB503177.1, BRAZIL, 0
AB503176.1, BRAZIL, 0
AB503175.1, BRAZIL, 0
AB503174.1, BRAZIL, 0
AB503173.1, BRAZIL, 0
AB503172.1, BRAZIL, 0
AB503171.1, BRAZIL, 0
AB503170.1, BRAZIL, 0
AB503169.1, BRAZIL, 0
AB503168.1, BRAZIL, 0
AB503167.1, BRAZIL, 0
AB503166.1, BRAZIL, 0
AB503165.1, BRAZIL, 0
AB503164.1, BRAZIL, 0
AB503163.1, BRAZIL, 0
AB503162.1, BRAZIL, 0
AB503161.1, BRAZIL, 0
AB503160.1, BRAZIL, 0
AB503159.1, BRAZIL, 0
AB503158.1, BRAZIL, 0
AB503157.1, BRAZIL, 0
AB503156.1, BRAZIL, 0
AB503155.1, BRAZIL, 0
AB503154.1, BRAZIL, 0
AB503153.1, BRAZIL, 0
AB503152.1, BRAZIL, 0
AB503151.1, SOLOMON ISLANDS, 0
AB503150.1, SOLOMON ISLANDS, 0
AB503149.1, SOLOMON ISLANDS, 0
AB503148.1, SOLOMON ISLANDS, 0
AB503147.1, SOLOMON ISLANDS, 0
AB503146.1, SOLOMON ISLANDS, 0
AB503145.1, SOLOMON ISLANDS, 0
AB503144.1, SOLOMON ISLANDS, 0
AB503143.1, SOLOMON ISLANDS, 0
AB503142.1, SOLOMON ISLANDS, 0
AB503141.1, SOLOMON ISLANDS, 0
AB503140.1, SOLOMON ISLANDS, 0
AB503139.1, SOLOMON ISLANDS, 0
AB503138.1, SOLOMON ISLANDS, 0
AB503137.1, SOLOMON ISLANDS, 0
AB503136.1, SOLOMON ISLANDS, 0
AB503135.1, SOLOMON ISLANDS, 0
AB503134.1, SOLOMON ISLANDS, 0
AB503133.1, SOLOMON ISLANDS, 0
AB503132.1, SOLOMON ISLANDS, 0
AB503131.1, SOLOMON ISLANDS, 0
AB503130.1, SOLOMON ISLANDS, 0
AB503129.1, SOLOMON ISLANDS, 0
AB503128.1, SOLOMON ISLANDS, 0
AB503127.1, SOLOMON ISLANDS, 0
AB503126.1, SOLOMON ISLANDS, 0
AB503125.1, SOLOMON ISLANDS, 0
AB503124.1, SOLOMON ISLANDS, 0
AB503123.1, SOLOMON ISLANDS, 0
AB503122.1, SOLOMON ISLANDS, 0
AB503121.1, SOLOMON ISLANDS, 0
AB503120.1, SOLOMON ISLANDS, 0
AB503119.1, SOLOMON ISLANDS, 0
AB503118.1, SOLOMON ISLANDS, 0
AB503117.1, SOLOMON ISLANDS, 0
AB503116.1, SOLOMON ISLANDS, 0
AB503115.1, SOLOMON ISLANDS, 0
AB503114.1, SOLOMON ISLANDS, 0
AB503113.1, SOLOMON ISLANDS, 0
AB503112.1, SOLOMON ISLANDS, 0
AB503111.1, SOLOMON ISLANDS, 0
AB503110.1, SOLOMON ISLANDS, 0
AB503109.1, SOLOMON ISLANDS, 0
AB503108.1, SOLOMON ISLANDS, 0
AB503107.1, SOLOMON ISLANDS, 0
AB503106.1, SOLOMON ISLANDS, 0
AB503105.1, SOLOMON ISLANDS, 0
AB503104.1, SOLOMON ISLANDS, 0
AB503103.1, SOLOMON ISLANDS, 0
AB503102.1, SOLOMON ISLANDS, 0
AB503101.1, SOLOMON ISLANDS, 0
AB503100.1, PAPUA NEW GUINEA, 1
AB503099.1, PAPUA NEW GUINEA, 1
AB503098.1, PAPUA NEW GUINEA, 1
AB503097.1, PAPUA NEW GUINEA, 1
AB503096.1, PAPUA NEW GUINEA, 1
AB503095.1, PAPUA NEW GUINEA, 1
AB503094.1, PAPUA NEW GUINEA, 1
AB503093.1, PAPUA NEW GUINEA, 1
AB503092.1, PAPUA NEW GUINEA, 1
AB503091.1, PAPUA NEW GUINEA, 1
AB503090.1, PAPUA NEW GUINEA, 1
AB503089.1, PAPUA NEW GUINEA, 1
AB503088.1, PAPUA NEW GUINEA, 1
AB503087.1, PAPUA NEW GUINEA, 1
AB503086.1, PAPUA NEW GUINEA, 1
AB503085.1, PAPUA NEW GUINEA, 1
AB503084.1, PAPUA NEW GUINEA, 1
AB503083.1, PAPUA NEW GUINEA, 1
AB503082.1, PAPUA NEW GUINEA, 1
AB503081.1, PAPUA NEW GUINEA, 1
AB503080.1, PAPUA NEW GUINEA, 1
AB503079.1, PAPUA NEW GUINEA, 1
AB503078.1, PAPUA NEW GUINEA, 1
AB503077.1, PAPUA NEW GUINEA, 1
AB503076.1, PAPUA NEW GUINEA, 1
AB503075.1, PAPUA NEW GUINEA, 1
AB503074.1, PAPUA NEW GUINEA, 1
AB503073.1, PAPUA NEW GUINEA, 1
AB503072.1, PAPUA NEW GUINEA, 1
AB503071.1, PAPUA NEW GUINEA, 1
AB503070.1, PAPUA NEW GUINEA, 1
AB503069.1, PAPUA NEW GUINEA, 1
AB503068.1, PAPUA NEW GUINEA, 1
AB503067.1, PAPUA NEW GUINEA, 1
AB503066.1, PAPUA NEW GUINEA, 1
AB503065.1, PAPUA NEW GUINEA, 1
AB503064.1, PAPUA NEW GUINEA, 1
AB503063.1, PAPUA NEW GUINEA, 1
AB503062.1, PAPUA NEW GUINEA, 1
AB503061.1, PAPUA NEW GUINEA, 1
AB503060.1, PAPUA NEW GUINEA, 1
AB503059.1, PAPUA NEW GUINEA, 1
AB503058.1, PAPUA NEW GUINEA, 1
AB503057.1, PAPUA NEW GUINEA, 1
AB503056.1, PAPUA NEW GUINEA, 1
AB503055.1, PAPUA NEW GUINEA, 1
AB503054.1, PAPUA NEW GUINEA, 1
AB503053.1, PAPUA NEW GUINEA, 1
AB503052.1, PAPUA NEW GUINEA, 1
AB503051.1, PAPUA NEW GUINEA, 1
AB503050.1, PAPUA NEW GUINEA, 1
AB503049.1, PAPUA NEW GUINEA, 1
AB503048.1, PAPUA NEW GUINEA, 1
AB503047.1, PAPUA NEW GUINEA, 1
AB503046.1, PAPUA NEW GUINEA, 1
AB503045.1, PAPUA NEW GUINEA, 1
AB503044.1, PAPUA NEW GUINEA, 1
AB503043.1, PAPUA NEW GUINEA, 1
AB503042.1, PAPUA NEW GUINEA, 1
AB503041.1, PAPUA NEW GUINEA, 1
AB503040.1, PAPUA NEW GUINEA, 1
AB503039.1, PAPUA NEW GUINEA, 1
AB503038.1, PAPUA NEW GUINEA, 1
AB503037.1, PAPUA NEW GUINEA, 1
AB503036.1, PAPUA NEW GUINEA, 1
AB503035.1, PAPUA NEW GUINEA, 1
AB503034.1, PAPUA NEW GUINEA, 1
AB503033.1, PAPUA NEW GUINEA, 1
AB503032.1, PAPUA NEW GUINEA, 1
AB503031.1, PAPUA NEW GUINEA, 1
AB503030.1, PAPUA NEW GUINEA, 1
AB503029.1, PAPUA NEW GUINEA, 1
AB503028.1, PAPUA NEW GUINEA, 1
AB503027.1, PAPUA NEW GUINEA, 1
AB503026.1, PAPUA NEW GUINEA, 1
AB503025.1, PAPUA NEW GUINEA, 1
AB503024.1, PAPUA NEW GUINEA, 1
AB503023.1, PAPUA NEW GUINEA, 1
AB503022.1, PAPUA NEW GUINEA, 1
AB503021.1, PAPUA NEW GUINEA, 1
AB503020.1, PAPUA NEW GUINEA, 1
AB503019.1, PAPUA NEW GUINEA, 1
AB503018.1, PAPUA NEW GUINEA, 1
AB503017.1, PAPUA NEW GUINEA, 1
AB503016.1, PAPUA NEW GUINEA, 1
AB503015.1, PAPUA NEW GUINEA, 1
AB503014.1, PAPUA NEW GUINEA, 1
AB503013.1, PAPUA NEW GUINEA, 1
AB503012.1, PAPUA NEW GUINEA, 1
AB503011.1, PAPUA NEW GUINEA, 1
AB503010.1, PAPUA NEW GUINEA, 1
AB503009.1, PAPUA NEW GUINEA, 1
AB503008.1, PAPUA NEW GUINEA, 1
AB503007.1, PAPUA NEW GUINEA, 1
AB503006.1, PHILIPPINES, 0
AB503005.1, PHILIPPINES, 0
AB503004.1, PHILIPPINES, 0
AB503003.1, PHILIPPINES, 0
AB503002.1, PHILIPPINES, 0
AB503001.1, PHILIPPINES, 0
AB503000.1, PHILIPPINES, 0
AB502999.1, PHILIPPINES, 0
AB502998.1, PHILIPPINES, 0
AB502997.1, PHILIPPINES, 0
AB502996.1, PHILIPPINES, 0
AB502995.1, PHILIPPINES, 0
AB502994.1, PHILIPPINES, 0
AB502993.1, PHILIPPINES, 0
AB502992.1, PHILIPPINES, 0
AB502991.1, PHILIPPINES, 0
AB502990.1, PHILIPPINES, 0
AB502989.1, PHILIPPINES, 0
AB502988.1, PHILIPPINES, 0
AB502987.1, PHILIPPINES, 0
AB502986.1, PHILIPPINES, 0
AB502985.1, PHILIPPINES, 0
AB502984.1, PHILIPPINES, 0
AB502983.1, PHILIPPINES, 0
AB502982.1, PHILIPPINES, 0
AB502981.1, PHILIPPINES, 0
AB502980.1, PHILIPPINES, 0
AB502979.1, PHILIPPINES, 0
AB502978.1, PHILIPPINES, 0
AB502977.1, PHILIPPINES, 0
AB502976.1, PHILIPPINES, 0
AB502975.1, PHILIPPINES, 0
AB502974.1, PHILIPPINES, 0
AB502973.1, PHILIPPINES, 0
AB502972.1, PHILIPPINES, 0
AB502971.1, PHILIPPINES, 0
AB502970.1, PHILIPPINES, 0
AB502969.1, PHILIPPINES, 0
AB502968.1, PHILIPPINES, 0
AB502967.1, PHILIPPINES, 0
AB502966.1, PHILIPPINES, 0
AB502965.1, PHILIPPINES, 0
AB502964.1, THAILAND, 0
AB502963.1, THAILAND, 0
AB502962.1, THAILAND, 0
AB502961.1, THAILAND, 0
AB502960.1, THAILAND, 0
AB502959.1, THAILAND, 0
AB502958.1, THAILAND, 0
AB502957.1, THAILAND, 0
AB502956.1, THAILAND, 0
AB502955.1, THAILAND, 0
AB502954.1, THAILAND, 0
AB502953.1, THAILAND, 0
AB502952.1, THAILAND, 0
AB502951.1, THAILAND, 0
AB502950.1, THAILAND, 0
AB502949.1, THAILAND, 0
AB502948.1, THAILAND, 0
AB502947.1, THAILAND, 0
AB502946.1, THAILAND, 0
AB502945.1, THAILAND, 0
AB502944.1, THAILAND, 0
AB502943.1, THAILAND, 0
AB502942.1, THAILAND, 0
AB502941.1, THAILAND, 0
AB502940.1, THAILAND, 0
AB502939.1, THAILAND, 0
AB502938.1, THAILAND, 0
AB502937.1, THAILAND, 0
AB502936.1, THAILAND, 0
AB502935.1, THAILAND, 0
AB502934.1, THAILAND, 0
AB502933.1, THAILAND, 0
AB502932.1, THAILAND, 0
AB502931.1, THAILAND, 0
AB502930.1, THAILAND, 0
AB502929.1, THAILAND, 0
AB502928.1, THAILAND, 0
AB502927.1, THAILAND, 0
AB502926.1, THAILAND, 0
AB502925.1, THAILAND, 0
AB502924.1, THAILAND, 0
AB502923.1, THAILAND, 0
AB502922.1, THAILAND, 0
AB502921.1, THAILAND, 0
AB502920.1, THAILAND, 0
AB502919.1, THAILAND, 0
AB502918.1, THAILAND, 0
AB502917.1, THAILAND, 0
AB502916.1, THAILAND, 0
AB502915.1, THAILAND, 0
AB502914.1, THAILAND, 0
AB502913.1, THAILAND, 0
AB502912.1, THAILAND, 0
AB502911.1, THAILAND, 0
AB502910.1, THAILAND, 0
AB502909.1, THAILAND, 0
AB502908.1, THAILAND, 0
AB502907.1, THAILAND, 0
AB502906.1, THAILAND, 0
AB502905.1, THAILAND, 0
AB502904.1, THAILAND, 0
AB502903.1, THAILAND, 0
AB502902.1, THAILAND, 0
AB502901.1, THAILAND, 0
AB502900.1, THAILAND, 0
AB502899.1, THAILAND, 0
AB502898.1, THAILAND, 0
AB502897.1, THAILAND, 0
AB502896.1, THAILAND, 0
AB502895.1, THAILAND, 0
AB502894.1, THAILAND, 0
AB502893.1, THAILAND, 0
AB502892.1, THAILAND, 0
AB502891.1, THAILAND, 0
AB502890.1, THAILAND, 0
AB502889.1, THAILAND, 0
AB502888.1, GHANA, 1
AB502887.1, GHANA, 1
AB502886.1, GHANA, 1
AB502885.1, GHANA, 1
AB502884.1, GHANA, 1
AB502883.1, GHANA, 1
AB502882.1, GHANA, 1
AB502881.1, GHANA, 1
AB502880.1, GHANA, 1
AB502879.1, GHANA, 1
AB502878.1, GHANA, 1
AB502877.1, GHANA, 1
AB502876.1, GHANA, 1
AB502875.1, GHANA, 1
AB502874.1, GHANA, 1
AB502873.1, GHANA, 1
AB502872.1, GHANA, 1
AB502871.1, GHANA, 1
AB502870.1, GHANA, 1
AB502869.1, GHANA, 1
AB502868.1, GHANA, 1
AB502867.1, GHANA, 1
AB502866.1, GHANA, 1
AB502865.1, GHANA, 1
AB502864.1, GHANA, 1
AB502863.1, GHANA, 1
AB502862.1, GHANA, 1
AB502861.1, GHANA, 1
AB502860.1, GHANA, 1
AB502859.1, GHANA, 1
AB502858.1, GHANA, 1
AB502857.1, GHANA, 1
AB502856.1, GHANA, 1
AB502855.1, TANZANIA, 1
AB502854.1, TANZANIA, 1
AB502853.1, TANZANIA, 1
AB502852.1, TANZANIA, 1
AB502851.1, TANZANIA, 1
AB502850.1, TANZANIA, 1
AB502849.1, TANZANIA, 1
AB502848.1, TANZANIA, 1
AB502847.1, TANZANIA, 1
AB502846.1, TANZANIA, 1
AB502845.1, TANZANIA, 1
AB502844.1, TANZANIA, 1
AB502843.1, TANZANIA, 1
AB502842.1, TANZANIA, 1
AB502841.1, TANZANIA, 1
AB502840.1, TANZANIA, 1
AB502839.1, TANZANIA, 1
AB502838.1, TANZANIA, 1
AB502837.1, TANZANIA, 1
AB502836.1, TANZANIA, 1
AB502835.1, TANZANIA, 1
AB502834.1, TANZANIA, 1
AB502833.1, TANZANIA, 1
AB502832.1, TANZANIA, 1
AB502831.1, TANZANIA, 1
AB502830.1, TANZANIA, 1
AB502829.1, TANZANIA, 1
AB502828.1, TANZANIA, 1
AB502827.1, TANZANIA, 1
AB502826.1, TANZANIA, 1
AB502825.1, TANZANIA, 1
AB502824.1, TANZANIA, 1
AB502823.1, TANZANIA, 1
AB502822.1, TANZANIA, 1
AB502821.1, TANZANIA, 1
AB502820.1, TANZANIA, 1
AB502819.1, TANZANIA, 1
AB502818.1, TANZANIA, 1
AB502817.1, TANZANIA, 1
AB502816.1, TANZANIA, 1
AB502815.1, TANZANIA, 1
AB502814.1, TANZANIA, 1
AB502813.1, TANZANIA, 1
AB502812.1, TANZANIA, 1
AB502811.1, TANZANIA, 1
AB502810.1, TANZANIA, 1
AB502809.1, TANZANIA, 1
AB502808.1, TANZANIA, 1
AB502807.1, TANZANIA, 1
AB502806.1, TANZANIA, 1
AB502805.1, TANZANIA, 1
AB502804.1, TANZANIA, 1
AB502803.1, TANZANIA, 1
AB502802.1, TANZANIA, 1
AB502801.1, TANZANIA, 1
AB502800.1, TANZANIA, 1
AB502799.1, TANZANIA, 1
AB502798.1, TANZANIA, 1
AB502797.1, TANZANIA, 1
AB502796.1, TANZANIA, 1
AB715605.1, VANUATU, 0
AB715604.1, VANUATU, 0
AB715603.1, VANUATU, 0
AB715602.1, VANUATU, 0
AB715601.1, VANUATU, 0
AB715600.1, VANUATU, 0
AB715599.1, VANUATU, 0
AB715598.1, VANUATU, 0
AB715597.1, VANUATU, 0
AB715596.1, VANUATU, 0
AB715595.1, VANUATU, 0
AB715594.1, VANUATU, 0
AB715593.1, VANUATU, 0
AB715592.1, VANUATU, 0
AB715591.1, VANUATU, 0
AB715590.1, VANUATU, 0
AB715589.1, VANUATU, 0
AB715588.1, VANUATU, 0
AB715587.1, VANUATU, 0
AB715586.1, VANUATU, 0
AB715585.1, VANUATU, 0
AB715584.1, VANUATU, 0
AB715583.1, VANUATU, 0
AB715582.1, VANUATU, 0
AB715581.1, VANUATU, 0
AB715580.1, VANUATU, 0
AB715579.1, VANUATU, 0
AB715578.1, VANUATU, 0
AB715577.1, VANUATU, 0
AB715635.1, VANUATU, 0
AB715634.1, VANUATU, 0
AB715633.1, VANUATU, 0
AB715632.1, VANUATU, 0
AB715631.1, VANUATU, 0
AB715630.1, VANUATU, 0
AB715629.1, VANUATU, 0
AB715628.1, VANUATU, 0
AB715627.1, VANUATU, 0
AB715626.1, VANUATU, 0
AB715625.1, VANUATU, 0
AB715624.1, VANUATU, 0
AB715623.1, VANUATU, 0
AB715622.1, VANUATU, 0
AB715621.1, VANUATU, 0
AB715620.1, VANUATU, 0
AB715619.1, VANUATU, 0
AB715618.1, VANUATU, 0
AB715617.1, VANUATU, 0
AB715616.1, VANUATU, 0
AB715615.1, VANUATU, 0
AB715614.1, VANUATU, 0
AB715613.1, VANUATU, 0
AB715612.1, VANUATU, 0
AB715611.1, VANUATU, 0
AB715610.1, VANUATU, 0
AB715609.1, VANUATU, 0
AB715608.1, VANUATU, 0
AB715607.1, VANUATU, 0
AB715606.1, VANUATU, 0
AB121024.1, ?, ?
AB121023.1, ?, ?
AB121022.1, ?, ?
AB121021.1, ?, ?
AB121020.1, ?, ?
AB121019.1, ?, ?
AB121018.1, ?, ?
AB121017.1, ?, ?
AB121016.1, ?, ?
AB121015.1, ?, ?
X15363.1, ?, ?
U20969.1, ?, ?
DQ286496.1, ?, ?
DQ286495.1, ?, ?
DQ286494.1, ?, ?
DQ286493.1, ?, ?
DQ286492.1, ?, ?
AB116607.1, ?, ?
AB116606.1, ?, ?
AB116605.1, ?, ?
AB116604.1, ?, ?
AB116603.1, ?, ?
AB116602.1, ?, ?
M96816.1, ?, ?
M96812.1, ?, ?
M96804.1, ?, ?
M57499.1, ?, ?
M57498.1, ?, ?
M22982.1, ?, ?
JN849573.1, ?, ?
JN849572.1, ?, ?
JN849571.1, ?, ?
JN849570.1, ?, ?
JN849569.1, ?, ?
JN849568.1, ?, ?
JN849567.1, ?, ?
JN849566.1, ?, ?
JN849565.1, ?, ?
JN849564.1, ?, ?
JN849563.1, ?, ?
JN849562.1, ?, ?
JN849561.1, ?, ?
JN849560.1, ?, ?
JN849559.1, ?, ?
JN849558.1, ?, ?
JN849557.1, ?, ?
JN849556.1, ?, ?
JN849555.1, ?, ?
JN849554.1, ?, ?
JN849553.1, ?, ?
JN849552.1, ?, ?
JN849551.1, ?, ?
JN849550.1, ?, ?
JN849549.1, ?, ?
JN849548.1, ?, ?
JN849547.1, ?, ?
JN849546.1, ?, ?
JN849545.1, ?, ?
JN849544.1, ?, ?
JN849543.1, ?, ?
JN849542.1, ?, ?
JN849541.1, ?, ?
JN849540.1, ?, ?
JN849539.1, ?, ?
JN849538.1, ?, ?
JN849537.1, ?, ?
JN849536.1, ?, ?
JN849535.1, ?, ?
JN849534.1, ?, ?
JN849533.1, ?, ?
JN849532.1, ?, ?
JN849531.1, ?, ?
JN849530.1, ?, ?
JN849529.1, ?, ?
JN849528.1, ?, ?
JN849527.1, ?, ?
JN849526.1, ?, ?
JN849525.1, ?, ?
JN849524.1, ?, ?
JN849523.1, ?, ?
JN849522.1, ?, ?
JN849521.1, ?, ?
JN849520.1, ?, ?
JN849519.1, ?, ?
JN849518.1, ?, ?
JN849517.1, ?, ?
JN849516.1, ?, ?
JN849515.1, ?, ?
JN849514.1, ?, ?
JN849513.1, ?, ?
JN849512.1, ?, ?
JN849511.1, ?, ?
JN849510.1, ?, ?
JN849509.1, ?, ?
JN849508.1, ?, ?
JN849507.1, ?, ?
JN849506.1, ?, ?
JN849505.1, ?, ?
JN849504.1, ?, ?
JN849503.1, ?, ?
JN849502.1, ?, ?
X03965.1, ?, ?
JQ868469.1, ?, ?
JQ868468.1, ?, ?
JQ868467.1, ?, ?
JQ868466.1, ?, ?
JQ868465.1, ?, ?
JQ868464.1, ?, ?
JQ868463.1, ?, ?
JQ868462.1, ?, ?
JQ868461.1, ?, ?
JQ868460.1, ?, ?
JQ868459.1, ?, ?
JQ868458.1, ?, ?
JQ868457.1, ?, ?
JQ868456.1, ?, ?
JQ868455.1, ?, ?
JQ868454.1, ?, ?
JQ868453.1, ?, ?
JQ868452.1, ?, ?
JQ868451.1, ?, ?
KF158555.1, ?, ?
KF158554.1, ?, ?
KF158553.1, ?, ?
KF158552.1, ?, ?
KF158551.1, ?, ?
KF158550.1, ?, ?
KF158549.1, ?, ?
KF158548.1, ?, ?
KF158547.1, ?, ?
KF158546.1, ?, ?
KF158545.1, ?, ?
KF158544.1, ?, ?
KF158543.1, ?, ?
KF158542.1, ?, ?
KF158541.1, ?, ?
KF158540.1, ?, ?
KF158539.1, ?, ?
KF158538.1, ?, ?
KF158537.1, ?, ?
KF158536.1, ?, ?
KF158535.1, ?, ?
KF158534.1, ?, ?
KF158533.1, ?, ?
KF158532.1, ?, ?
KF158531.1, ?, ?
KF158530.1, ?, ?
KF158529.1, ?, ?
KF158528.1, ?, ?
KF158527.1, ?, ?
KF158526.1, ?, ?
KF158525.1, ?, ?
KF158524.1, ?, ?
KF158523.1, ?, ?
KF158522.1, ?, ?
KF158521.1, ?, ?
KF158520.1, ?, ?
KF158519.1, ?, ?
KF158518.1, ?, ?
KF158517.1, ?, ?
KF158516.1, ?, ?
KF158515.1, ?, ?
KF158514.1, ?, ?
KF158513.1, ?, ?
KF158512.1, ?, ?
KF158511.1, ?, ?
KF158510.1, ?, ?
KF158509.1, ?, ?
KF158508.1, ?, ?
KF158507.1, ?, ?
KF158506.1, ?, ?
KF158505.1, ?, ?
KF158504.1, ?, ?
KF158503.1, ?, ?
KF158502.1, ?, ?
KF158501.1, ?, ?
KF158500.1, ?, ?
KF158499.1, ?, ?
KF158498.1, ?, ?
KF158497.1, ?, ?
KF158496.1, ?, ?
KF158495.1, ?, ?
KF158494.1, ?, ?
KF158493.1, ?, ?
KF158492.1, ?, ?
KF158491.1, ?, ?
KF158490.1, ?, ?
KF158489.1, ?, ?
KF158488.1, ?, ?
KF158487.1, ?, ?
KF158486.1, ?, ?
KF158485.1, ?, ?
KF158484.1, ?, ?
KF158483.1, ?, ?
KF158482.1, ?, ?
KF158481.1, ?, ?
KF158480.1, ?, ?
KF158479.1, ?, ?
KF158478.1, ?, ?
KF158477.1, ?, ?
KF158476.1, ?, ?
KF158475.1, ?, ?
KF158474.1, ?, ?
KF158473.1, ?, ?
KF158472.1, ?, ?
KF158471.1, ?, ?
KF158470.1, ?, ?
KF158469.1, ?, ?
KF158468.1, ?, ?
KF158467.1, ?, ?
KF158466.1, ?, ?
KF158465.1, ?, ?
KF158464.1, ?, ?
KF158463.1, ?, ?
KF158462.1, ?, ?
KF158461.1, ?, ?
KF158460.1, ?, ?
KF158459.1, ?, ?
KF158458.1, ?, ?
KF158457.1, ?, ?
KF158456.1, ?, ?
KF158455.1, ?, ?
KF158454.1, ?, ?
KF158453.1, ?, ?
KF158452.1, ?, ?
KF158451.1, ?, ?
KF158450.1, ?, ?
KF158449.1, ?, ?
KF158448.1, ?, ?
KF158447.1, ?, ?
KF158446.1, ?, ?
KF158445.1, ?, ?
KF158444.1, ?, ?
KF158443.1, ?, ?
KF158442.1, ?, ?
KF158441.1, ?, ?
KF158440.1, ?, ?
KF158439.1, ?, ?
KF158438.1, ?, ?
KF158437.1, ?, ?
KF158436.1, ?, ?
KF158435.1, ?, ?
KF158434.1, ?, ?
KF158433.1, ?, ?
KF158432.1, ?, ?
KF158431.1, ?, ?
KF158430.1, ?, ?
KF158429.1, ?, ?
KF158428.1, ?, ?
KF158427.1, ?, ?
KF158426.1, ?, ?
KF158425.1, ?, ?
KF158424.1, ?, ?
KF158423.1, ?, ?
KF158422.1, ?, ?
KF158421.1, ?, ?
X12715.1, ?, ?
KI927466.1, MALAYSIA, 0
KI926019.1, ?, ?
KI925016.1, VIET NAM, 0
AL844502.2, ?, ?
KE123582.1, ?, ?
KE123732.1, ?, ?
KI925485.1, ?, ?
DQ286497.1, ?, ?
DQ286491.1, ?, ?
XM_001351185.1, ?, ?
XM_001351086.1, ?, ?
M17802.1, ?, ?
M11145.1, ?, ?
BU497885.1, ?, ?
BQ596190.1, ?, ?
BI815754.1, ?, ?
AY189721.1, ?, ?
AY189720.1, ?, ?
KI926284.1, ?, ?
CH671934.1, ?, ?
KE124402.1, ?, ?
LF622919.1, ?, ?
LF622918.1, ?, ?
LG024578.1, ?, ?
LG024577.1, ?, ?
LP639308.1, ?, ?
KI927796.1, PHILIPPINES, 0
CO779395.1, ?, ?
JACVVK010000066.1, SOUTH KOREA: CHEOLLABUK-DO/ HACHEON-RI, 0
GG665150.1, ?, ?
GG665582.1, ?, ?
GG663802.1, ?, ?
GG664348.1, ?, ?
JACVVK010000251.1, SOUTH KOREA: CHEOLLABUK-DO/ HACHEON-RI, 0
KT363726.1, ?, ?
KT363725.1, ?, ?
JX899667.1, ?, ?
JX899666.1, ?, ?
JX899665.1, ?, ?
JX899661.1, REPUBLIC OF THE CONGO, 1
JX899660.1, REPUBLIC OF THE CONGO, 1
JX899659.1, REPUBLIC OF THE CONGO, 1
JX899658.1, REPUBLIC OF THE CONGO, 1
JX899657.1, REPUBLIC OF THE CONGO, 1
JX899656.1, ?, ?
JQ903601.1, ?, ?
JQ903600.1, ?, ?
JQ903599.1, ?, ?
JQ903598.1, ?, ?
JQ903597.1, ?, ?
JQ903596.1, ?, ?
JQ903595.1, ?, ?
JQ903594.1, ?, ?
M60972.1, ?, ?
AY003872.1, BRAZIL:PORTO VELHO, 0
JQ903593.1, ?, ?
CAJHNH020001024.1, ?, ?
HQ833020.1, ?, ?
X04665.1, ?, ?
MX910456.1, ?, ?
MX910455.1, ?, ?
MX910454.1, ?, ?
MX910453.1, ?, ?
MX910452.1, ?, ?
MX910451.1, ?, ?
MX910450.1, ?, ?
MX910449.1, ?, ?
MX910448.1, ?, ?
MX910447.1, ?, ?
MX910446.1, ?, ?
MX910445.1, ?, ?
MX910444.1, ?, ?
MX910443.1, ?, ?
MX910442.1, ?, ?
MX910441.1, ?, ?
MX910440.1, ?, ?
MX910439.1, ?, ?
MX910438.1, ?, ?
MX910437.1, ?, ?
MX910436.1, ?, ?
MP824616.1, ?, ?
MP824615.1, ?, ?
MP824614.1, ?, ?
MP824613.1, ?, ?
LQ855721.1, ?, ?
LQ855720.1, ?, ?
LQ855719.1, ?, ?
LQ855718.1, ?, ?
LQ855683.1, ?, ?
LQ855681.1, ?, ?
LQ855680.1, ?, ?
LQ855657.1, ?, ?
LQ855656.1, ?, ?
LQ855655.1, ?, ?
LQ855654.1, ?, ?
LQ855653.1, ?, ?
LQ855652.1, ?, ?
LQ855651.1, ?, ?
LQ855650.1, ?, ?
LQ855649.1, ?, ?
LQ855648.1, ?, ?
LQ855647.1, ?, ?
LQ855646.1, ?, ?
LQ855645.1, ?, ?
LQ855644.1, ?, ?
MI465662.1, ?, ?
MI465661.1, ?, ?
MI465660.1, ?, ?
MI465659.1, ?, ?
MI350897.1, ?, ?
MI350896.1, ?, ?
MI350895.1, ?, ?
HL278637.1, ?, ?
HL278636.1, ?, ?
HL278635.1, ?, ?
HL099925.1, ?, ?
HL099924.1, ?, ?
HL099923.1, ?, ?
HL099922.1, ?, ?
LP639310.1, ?, ?
LP639309.1, ?, ?
I07102.1, ?, ?
I07101.1, ?, ?
I07099.1, ?, ?
I07098.1, ?, ?
I07096.1, ?, ?
I07094.1, ?, ?
I08376.1, ?, ?
